kind,log10_guesses,gn_score,comp_score,comp_strong,entropy_bits,password_len
diceware-4,21.963225279627483,4,4,False,182.3619345302171,31
diceware-4,22.11180538466155,4,4,False,205.89250672766445,35
diceware-4,22.23037535936268,4,4,False,182.3619345302171,31
diceware-4,22.905184543841322,4,4,False,170.5966484314934,29
diceware-4,21.40019581063682,4,4,False,200.00986367830262,34
diceware-4,20.64388927175108,4,4,False,152.94871928340788,26
diceware-4,20.769024584134893,4,4,False,200.00986367830262,34
diceware-4,23.30137543907594,4,4,False,200.00986367830262,34
diceware-4,21.764030893449473,4,4,False,188.24457757957893,32
diceware-4,21.792896586117795,4,4,False,182.3619345302171,31
diceware-4,22.26485595988743,4,4,False,182.3619345302171,31
diceware-4,23.30746741858277,4,4,False,182.3619345302171,31
diceware-4,21.471779016830634,4,4,False,205.89250672766445,35
diceware-4,22.50784262221747,4,4,False,194.12722062894076,33
diceware-4,22.216611928149977,4,4,False,170.5966484314934,29
diceware-4,22.579344604725453,4,4,False,164.71400538213157,28
diceware-4,22.290395911842637,4,4,False,158.83136233276971,27
diceware-4,20.58187972784426,4,4,False,217.65779282638815,37
diceware-4,22.490773585804693,4,4,False,158.83136233276971,27
diceware-4,20.246198695307353,4,4,False,200.00986367830262,34
diceware-4,22.661941586356672,4,4,False,194.12722062894076,33
diceware-4,22.767643868779462,4,4,False,176.47929148085524,30
diceware-4,22.58693789257407,4,4,False,182.3619345302171,31
diceware-4,21.575038082298256,4,4,False,147.06607623404605,25
diceware-4,20.867029036924787,4,4,False,188.24457757957893,32
diceware-4,22.357157940381406,4,4,False,188.24457757957893,32
diceware-4,21.687063296560666,4,4,False,182.3619345302171,31
diceware-4,22.53217584390364,4,4,False,170.5966484314934,29
diceware-4,21.849297877036562,4,4,False,200.00986367830262,34
diceware-4,21.10593108570162,4,4,False,147.06607623404605,25
diceware-4,18.55391468968676,4,4,False,205.89250672766445,35
diceware-4,22.583269858337637,4,4,False,188.24457757957893,32
diceware-4,21.593560466880728,4,4,False,217.65779282638815,37
diceware-4,21.809543136946022,4,4,False,188.24457757957893,32
diceware-4,22.33099974540634,4,4,False,194.12722062894076,33
diceware-4,22.827076866205424,4,4,False,205.89250672766445,35
diceware-4,23.00752055632799,4,4,False,200.00986367830262,34
diceware-4,22.086400769242193,4,4,False,170.5966484314934,29
diceware-4,20.965816837210248,4,4,False,200.00986367830262,34
diceware-4,22.577362332003823,4,4,False,147.06607623404605,25
diceware-4,20.695459616005103,4,4,False,188.24457757957893,32
diceware-4,21.641073848604353,4,4,False,147.06607623404605,25
diceware-4,21.997771190512232,4,4,False,188.24457757957893,32
diceware-4,22.89423729268532,4,4,False,194.12722062894076,33
diceware-4,22.01736854827697,4,4,False,176.47929148085524,30
diceware-4,23.235123962484142,4,4,False,200.00986367830262,34
diceware-4,22.04453683361652,4,4,False,152.94871928340788,26
diceware-4,22.957090063160837,4,4,False,205.89250672766445,35
diceware-4,23.004760090004485,4,4,False,205.89250672766445,35
diceware-4,21.663451723903393,4,4,False,194.12722062894076,33
diceware-4,22.047634438243836,4,4,False,200.00986367830262,34
diceware-4,22.429507186028697,4,4,False,188.24457757957893,32
diceware-4,22.54938637217923,4,4,False,194.12722062894076,33
diceware-4,22.66498749027699,4,4,False,194.12722062894076,33
diceware-4,21.048587501857064,4,4,False,182.3619345302171,31
diceware-4,22.732076806948463,4,4,False,170.5966484314934,29
diceware-4,22.320624674906018,4,4,False,170.5966484314934,29
diceware-4,20.604153227094667,4,4,False,182.3619345302171,31
diceware-4,21.982302021984008,4,4,False,194.12722062894076,33
diceware-4,21.15193505385181,4,4,False,182.3619345302171,31
diceware-4,22.977430029840193,4,4,False,170.5966484314934,29
diceware-4,21.992244753961668,4,4,False,176.47929148085524,30
diceware-4,20.0127142598459,4,4,False,158.83136233276971,27
diceware-4,22.22129329500901,4,4,False,182.3619345302171,31
diceware-4,23.2725124973248,4,4,False,194.12722062894076,33
diceware-4,20.733286868142315,4,4,False,152.94871928340788,26
diceware-4,21.97224363297288,4,4,False,200.00986367830262,34
diceware-4,20.78758402275721,4,4,False,217.65779282638815,37
diceware-4,22.014470833125905,4,4,False,182.3619345302171,31
diceware-4,22.008569965345913,4,4,False,158.83136233276971,27
diceware-4,20.73126314327545,4,4,False,217.65779282638815,37
diceware-4,22.716877586290934,4,4,False,176.47929148085524,30
diceware-4,23.079839056794427,4,4,False,176.47929148085524,30
diceware-4,21.50997320460188,4,4,False,217.65779282638815,37
diceware-4,21.789474328812627,4,4,False,176.47929148085524,30
diceware-4,22.27892143559935,4,4,False,182.3619345302171,31
diceware-4,21.809460402898797,4,4,False,200.00986367830262,34
diceware-4,21.241431212490884,4,4,False,182.3619345302171,31
diceware-4,22.2118829699291,4,4,False,158.83136233276971,27
diceware-4,20.22392914527795,4,4,False,211.7751497770263,36
diceware-4,20.587627962137645,4,4,False,194.12722062894076,33
diceware-4,22.37659750277253,4,4,False,200.00986367830262,34
diceware-4,23.02552311790664,4,4,False,123.53550403659867,21
diceware-4,21.35695971054251,4,4,False,194.12722062894076,33
diceware-4,21.666526078715457,4,4,False,188.24457757957893,32
diceware-4,20.960234623368535,4,4,False,205.89250672766445,35
diceware-4,20.142025016549468,4,4,False,188.24457757957893,32
diceware-4,21.276723288814548,4,4,False,170.5966484314934,29
diceware-4,21.291347270772484,4,4,False,188.24457757957893,32
diceware-4,22.43237018568676,4,4,False,217.65779282638815,37
diceware-4,22.141822646192903,4,4,False,170.5966484314934,29
diceware-4,23.449863372482703,4,4,False,205.89250672766445,35
diceware-4,21.000371591486616,4,4,False,205.89250672766445,35
diceware-4,22.047352354681593,4,4,False,205.89250672766445,35
diceware-4,22.51720327750578,4,4,False,182.3619345302171,31
diceware-4,21.118083439030183,4,4,False,176.47929148085524,30
diceware-4,20.718314622025932,4,4,False,205.89250672766445,35
diceware-4,21.41460828434326,4,4,False,182.3619345302171,31
diceware-4,23.05672616006675,4,4,False,164.71400538213157,28
diceware-4,22.934565331274364,4,4,False,164.71400538213157,28
diceware-4,21.21939772274221,4,4,False,194.12722062894076,33
diceware-4,21.991654338474167,4,4,False,194.12722062894076,33
diceware-4,20.187609384581876,4,4,False,158.83136233276971,27
diceware-4,22.901515385880668,4,4,False,176.47929148085524,30
diceware-4,21.122894700961222,4,4,False,188.24457757957893,32
diceware-4,22.00613660664309,4,4,False,188.24457757957893,32
diceware-4,22.41338897390736,4,4,False,182.3619345302171,31
diceware-4,21.919290069570078,4,4,False,223.54043587574998,38
diceware-4,19.55068754662807,4,4,False,182.3619345302171,31
diceware-4,22.7187432544996,4,4,False,200.00986367830262,34
diceware-4,20.85942560520423,4,4,False,188.24457757957893,32
diceware-4,21.39601340415498,4,4,False,182.3619345302171,31
diceware-4,20.423105016485753,4,4,False,182.3619345302171,31
diceware-4,22.25917126850972,4,4,False,182.3619345302171,31
diceware-4,20.98683394013907,4,4,False,205.89250672766445,35
diceware-4,21.899653564590935,4,4,False,176.47929148085524,30
diceware-4,21.821073238708838,4,4,False,129.41814708596053,22
diceware-4,20.347853860781377,4,4,False,176.47929148085524,30
diceware-4,23.024859530055902,4,4,False,170.5966484314934,29
diceware-4,22.969687129886832,4,4,False,176.47929148085524,30
diceware-4,22.649932918834878,4,4,False,194.12722062894076,33
diceware-4,20.144513742346465,4,4,False,211.7751497770263,36
diceware-4,22.20943258374764,4,4,False,176.47929148085524,30
diceware-4,21.49503137337565,4,4,False,176.47929148085524,30
diceware-4,20.978868580519574,4,4,False,176.47929148085524,30
diceware-4,23.02974223088715,4,4,False,211.7751497770263,36
diceware-4,20.7665277888655,4,4,False,194.12722062894076,33
diceware-4,22.60407659860617,4,4,False,158.83136233276971,27
diceware-4,22.959751845068705,4,4,False,194.12722062894076,33
diceware-4,19.81639451753867,4,4,False,176.47929148085524,30
diceware-4,20.830285742500774,4,4,False,211.7751497770263,36
diceware-4,23.153197985089808,4,4,False,182.3619345302171,31
diceware-4,21.73780510357458,4,4,False,164.71400538213157,28
diceware-4,21.4314982371832,4,4,False,141.1834331846842,24
diceware-4,23.269296709849467,4,4,False,194.12722062894076,33
diceware-4,22.83726641958339,4,4,False,170.5966484314934,29
diceware-4,19.173103886469224,4,4,False,194.12722062894076,33
diceware-4,21.399500822927685,4,4,False,176.47929148085524,30
diceware-4,23.310932965704264,4,4,False,176.47929148085524,30
diceware-4,22.10609600776528,4,4,False,170.5966484314934,29
diceware-4,21.13116241871142,4,4,False,170.5966484314934,29
diceware-4,22.424358805704966,4,4,False,147.06607623404605,25
diceware-4,22.815513924774233,4,4,False,176.47929148085524,30
diceware-4,22.615395703316192,4,4,False,176.47929148085524,30
diceware-4,21.268282846412394,4,4,False,194.12722062894076,33
diceware-4,22.783132671760644,4,4,False,188.24457757957893,32
diceware-4,22.88204144853184,4,4,False,182.3619345302171,31
diceware-4,22.426591635362257,4,4,False,188.24457757957893,32
diceware-4,20.755237688947286,4,4,False,170.5966484314934,29
diceware-4,22.50774943047548,4,4,False,176.47929148085524,30
diceware-4,21.300997416917543,4,4,False,182.3619345302171,31
diceware-4,21.879701067311668,4,4,False,182.3619345302171,31
diceware-4,21.790120040363924,4,4,False,211.7751497770263,36
diceware-4,22.727889438673973,4,4,False,147.06607623404605,25
diceware-4,21.08250334818675,4,4,False,182.3619345302171,31
diceware-4,22.660312315309756,4,4,False,194.12722062894076,33
diceware-4,22.42690793268306,4,4,False,188.24457757957893,32
diceware-4,19.588045333291255,4,4,False,188.24457757957893,32
diceware-4,21.233731682585557,4,4,False,188.24457757957893,32
diceware-4,22.53279029887743,4,4,False,200.00986367830262,34
diceware-4,22.521659398260955,4,4,False,194.12722062894076,33
diceware-4,22.55994167318243,4,4,False,200.00986367830262,34
diceware-4,22.52370180323131,4,4,False,164.71400538213157,28
diceware-4,22.710246510097736,4,4,False,176.47929148085524,30
diceware-4,23.04845119053768,4,4,False,182.3619345302171,31
diceware-4,22.054947204667872,4,4,False,170.5966484314934,29
diceware-4,23.35074604079858,4,4,False,176.47929148085524,30
diceware-4,21.853228070898243,4,4,False,188.24457757957893,32
diceware-4,20.065706461153393,4,4,False,158.83136233276971,27
diceware-4,21.71666283886231,4,4,False,182.3619345302171,31
diceware-4,23.11962195883232,4,4,False,194.12722062894076,33
diceware-4,21.433927278359437,4,4,False,200.00986367830262,34
diceware-4,22.86728789373945,4,4,False,200.00986367830262,34
diceware-4,22.79169028828167,4,4,False,205.89250672766445,35
diceware-4,21.267581549827923,4,4,False,182.3619345302171,31
diceware-4,21.823253141958748,4,4,False,182.3619345302171,31
diceware-4,22.831611214414846,4,4,False,176.47929148085524,30
diceware-4,22.027615087590387,4,4,False,182.3619345302171,31
diceware-4,22.96033961219102,4,4,False,194.12722062894076,33
diceware-4,22.809248345186997,4,4,False,200.00986367830262,34
diceware-4,22.402851522073615,4,4,False,194.12722062894076,33
diceware-4,22.300832197569566,4,4,False,158.83136233276971,27
diceware-4,22.655167970927042,4,4,False,164.71400538213157,28
diceware-4,22.06546487971711,4,4,False,188.24457757957893,32
diceware-4,20.766488846843526,4,4,False,158.83136233276971,27
diceware-4,23.19434268804449,4,4,False,152.94871928340788,26
diceware-4,22.12185571707347,4,4,False,182.3619345302171,31
diceware-4,23.12900230189812,4,4,False,164.71400538213157,28
diceware-4,21.902662051720636,4,4,False,152.94871928340788,26
diceware-4,21.365945691020332,4,4,False,170.5966484314934,29
diceware-4,21.419910298356854,4,4,False,164.71400538213157,28
diceware-4,22.722052604481277,4,4,False,164.71400538213157,28
diceware-4,23.007427125059113,4,4,False,194.12722062894076,33
diceware-4,21.421286754915073,4,4,False,200.00986367830262,34
diceware-4,22.701523689493175,4,4,False,182.3619345302171,31
diceware-4,23.015491865763398,4,4,False,147.06607623404605,25
diceware-4,22.307285248919733,4,4,False,182.3619345302171,31
diceware-4,20.252342524067032,4,4,False,158.83136233276971,27
diceware-4,21.78190306042018,4,4,False,158.83136233276971,27
diceware-4,19.525347487890865,4,4,False,182.3619345302171,31
diceware-4,21.719850000617733,4,4,False,211.7751497770263,36
diceware-4,22.171824079840192,4,4,False,200.00986367830262,34
diceware-4,21.348414359537976,4,4,False,158.83136233276971,27
diceware-4,20.82157576445335,4,4,False,188.24457757957893,32
diceware-4,20.69513716679825,4,4,False,200.00986367830262,34
diceware-4,21.793186655286757,4,4,False,164.71400538213157,28
diceware-4,21.34406099802202,4,4,False,164.71400538213157,28
diceware-4,22.290932544259604,4,4,False,176.47929148085524,30
diceware-4,21.918033292818656,4,4,False,211.7751497770263,36
diceware-4,22.906447960186377,4,4,False,194.12722062894076,33
diceware-4,20.489827479707394,4,4,False,176.47929148085524,30
diceware-4,21.628348575108355,4,4,False,176.47929148085524,30
diceware-4,20.573972399920837,4,4,False,170.5966484314934,29
diceware-4,21.133650268636234,4,4,False,170.5966484314934,29
diceware-4,19.716597934594237,4,4,False,176.47929148085524,30
diceware-4,18.155469825758573,4,4,False,158.83136233276971,27
diceware-4,22.230222474041124,4,4,False,176.47929148085524,30
diceware-4,20.93033712358888,4,4,False,205.89250672766445,35
diceware-4,22.03504284236193,4,4,False,188.24457757957893,32
diceware-4,21.960210150521256,4,4,False,200.00986367830262,34
diceware-4,22.57774654576962,4,4,False,158.83136233276971,27
diceware-4,20.95951278591139,4,4,False,164.71400538213157,28
diceware-4,21.980916146278496,4,4,False,176.47929148085524,30
diceware-4,21.20568948859673,4,4,False,158.83136233276971,27
diceware-4,21.836656265920897,4,4,False,158.83136233276971,27
diceware-4,22.417664473989518,4,4,False,200.00986367830262,34
diceware-4,22.410433061444664,4,4,False,182.3619345302171,31
diceware-4,22.910432893916393,4,4,False,182.3619345302171,31
diceware-4,22.507516054729006,4,4,False,205.89250672766445,35
diceware-4,22.943834895074943,4,4,False,164.71400538213157,28
diceware-4,21.473592699094564,4,4,False,217.65779282638815,37
diceware-4,22.281678312865782,4,4,False,164.71400538213157,28
diceware-4,21.19303086242799,4,4,False,188.24457757957893,32
diceware-4,21.897310019325737,4,4,False,188.24457757957893,32
diceware-4,21.86720456694306,4,4,False,158.83136233276971,27
diceware-4,22.110449680311174,4,4,False,170.5966484314934,29
diceware-4,21.44522533154722,4,4,False,182.3619345302171,31
diceware-4,20.109360566304662,4,4,False,176.47929148085524,30
diceware-4,22.922646147549962,4,4,False,211.7751497770263,36
diceware-4,22.443725895716128,4,4,False,194.12722062894076,33
diceware-4,21.641150632817318,4,4,False,194.12722062894076,33
diceware-4,22.49037214278797,4,4,False,176.47929148085524,30
diceware-4,20.624452053895272,4,4,False,188.24457757957893,32
diceware-4,23.02502658868135,4,4,False,188.24457757957893,32
diceware-4,21.015609535500573,4,4,False,147.06607623404605,25
diceware-4,20.819290009298193,4,4,False,176.47929148085524,30
diceware-4,21.38494873125158,4,4,False,217.65779282638815,37
diceware-4,21.914693827231194,4,4,False,170.5966484314934,29
diceware-4,22.837283324022213,4,4,False,182.3619345302171,31
diceware-4,20.28682350212886,4,4,False,188.24457757957893,32
diceware-4,22.05461759421089,4,4,False,170.5966484314934,29
diceware-4,21.548715877235935,4,4,False,194.12722062894076,33
diceware-4,20.919335164221025,4,4,False,182.3619345302171,31
diceware-4,22.45166866965058,4,4,False,200.00986367830262,34
diceware-4,21.557672242435878,4,4,False,188.24457757957893,32
diceware-4,21.71599892869317,4,4,False,170.5966484314934,29
diceware-4,20.7655701013243,4,4,False,205.89250672766445,35
diceware-4,22.23952243604877,4,4,False,176.47929148085524,30
diceware-4,22.488340388316832,4,4,False,182.3619345302171,31
diceware-4,21.16536235613272,4,4,False,194.12722062894076,33
diceware-4,23.290233713725794,4,4,False,188.24457757957893,32
diceware-4,22.148442876549684,4,4,False,182.3619345302171,31
diceware-4,22.44946931652611,4,4,False,170.5966484314934,29
diceware-4,22.410514072880122,4,4,False,129.41814708596053,22
diceware-4,23.10437471076039,4,4,False,205.89250672766445,35
diceware-4,20.631412856434096,4,4,False,182.3619345302171,31
diceware-4,23.04964231533487,4,4,False,194.12722062894076,33
diceware-4,21.40942490920319,4,4,False,182.3619345302171,31
diceware-4,23.057284800549617,4,4,False,152.94871928340788,26
diceware-4,20.853922588619834,4,4,False,164.71400538213157,28
diceware-4,21.849623162826113,4,4,False,200.00986367830262,34
diceware-4,21.799766674272625,4,4,False,188.24457757957893,32
diceware-4,22.823508547043865,4,4,False,182.3619345302171,31
diceware-4,22.92700594365727,4,4,False,188.24457757957893,32
diceware-4,19.750269700539302,4,4,False,147.06607623404605,25
diceware-4,21.864455700282893,4,4,False,205.89250672766445,35
diceware-4,23.747089828999002,4,4,False,158.83136233276971,27
diceware-4,21.99753433453027,4,4,False,182.3619345302171,31
diceware-4,22.187389273280555,4,4,False,217.65779282638815,37
diceware-4,21.461843610546346,4,4,False,194.12722062894076,33
diceware-4,23.18076720207932,4,4,False,182.3619345302171,31
diceware-4,23.08168674264459,4,4,False,211.7751497770263,36
diceware-4,21.928764860124097,4,4,False,188.24457757957893,32
diceware-4,19.873799233894758,4,4,False,194.12722062894076,33
diceware-4,22.427831106466275,4,4,False,152.94871928340788,26
diceware-4,22.363172992763353,4,4,False,170.5966484314934,29
diceware-4,23.332331974944715,4,4,False,176.47929148085524,30
diceware-4,21.12509840266181,4,4,False,152.94871928340788,26
diceware-4,22.800878095811083,4,4,False,170.5966484314934,29
diceware-4,21.243429613065118,4,4,False,176.47929148085524,30
diceware-4,20.79830371930102,4,4,False,182.3619345302171,31
diceware-4,22.971882165118377,4,4,False,194.12722062894076,33
diceware-4,23.261163365812852,4,4,False,205.89250672766445,35
diceware-4,19.540080843466566,4,4,False,205.89250672766445,35
diceware-4,21.1510527715386,4,4,False,188.24457757957893,32
diceware-4,22.367792285929212,4,4,False,182.3619345302171,31
diceware-4,21.912599970954794,4,4,False,200.00986367830262,34
diceware-4,21.510896995401076,4,4,False,158.83136233276971,27
diceware-4,20.904503746788556,4,4,False,176.47929148085524,30
diceware-4,22.222002602389633,4,4,False,182.3619345302171,31
diceware-4,20.67507824778911,4,4,False,188.24457757957893,32
diceware-4,21.673017542577007,4,4,False,194.12722062894076,33
diceware-4,22.09645479269449,4,4,False,182.3619345302171,31
diceware-4,21.98935963067201,4,4,False,200.00986367830262,34
diceware-4,20.833083514944327,4,4,False,182.3619345302171,31
diceware-4,22.422544606029124,4,4,False,158.83136233276971,27
diceware-4,22.987618111409247,4,4,False,176.47929148085524,30
diceware-4,21.200678772340467,4,4,False,205.89250672766445,35
diceware-4,22.36047583980708,4,4,False,200.00986367830262,34
diceware-4,21.28472777697339,4,4,False,188.24457757957893,32
diceware-4,20.359929076606708,4,4,False,176.47929148085524,30
diceware-4,23.101959715714244,4,4,False,164.71400538213157,28
diceware-4,22.003912846770245,4,4,False,182.3619345302171,31
diceware-4,22.341819969538008,4,4,False,194.12722062894076,33
diceware-4,20.401344775998922,4,4,False,182.3619345302171,31
diceware-4,18.825672009723167,4,4,False,170.5966484314934,29
diceware-4,21.002532485340602,4,4,False,200.00986367830262,34
diceware-4,23.137091668236494,4,4,False,217.65779282638815,37
diceware-4,20.505396461754735,4,4,False,194.12722062894076,33
diceware-4,22.35271970333343,4,4,False,188.24457757957893,32
diceware-4,20.966022561195185,4,4,False,117.65286098723683,20
diceware-4,22.01781814211654,4,4,False,194.12722062894076,33
diceware-4,21.24346957728622,4,4,False,182.3619345302171,31
diceware-4,22.006047044315167,4,4,False,188.24457757957893,32
diceware-4,22.0908780804858,4,4,False,194.12722062894076,33
diceware-4,22.383883185463326,4,4,False,200.00986367830262,34
diceware-4,21.46713308506055,4,4,False,200.00986367830262,34
diceware-4,22.463507139346014,4,4,False,176.47929148085524,30
diceware-4,21.694504540629847,4,4,False,200.00986367830262,34
diceware-4,21.832721317937395,4,4,False,164.71400538213157,28
diceware-4,22.316015393131593,4,4,False,164.71400538213157,28
diceware-4,21.128587681487687,4,4,False,200.00986367830262,34
diceware-4,22.043651588949324,4,4,False,205.89250672766445,35
diceware-4,22.403775672359295,4,4,False,194.12722062894076,33
diceware-4,20.363608057317776,4,4,False,170.5966484314934,29
diceware-4,21.72132547255513,4,4,False,194.12722062894076,33
diceware-4,20.3213925309308,4,4,False,158.83136233276971,27
diceware-4,22.283259864983517,4,4,False,170.5966484314934,29
diceware-4,22.364663703786388,4,4,False,152.94871928340788,26
diceware-4,23.24917096911886,4,4,False,205.89250672766445,35
diceware-4,23.133012404625802,4,4,False,170.5966484314934,29
diceware-4,21.485200221634464,4,4,False,182.3619345302171,31
diceware-4,20.8447864393399,4,4,False,205.89250672766445,35
diceware-4,21.666915389359104,4,4,False,200.00986367830262,34
diceware-4,21.362743074394565,4,4,False,188.24457757957893,32
diceware-4,21.853776777169433,4,4,False,164.71400538213157,28
diceware-4,21.44854887355477,4,4,False,182.3619345302171,31
diceware-4,23.040929120882893,4,4,False,200.00986367830262,34
diceware-4,22.209780004503326,4,4,False,164.71400538213157,28
diceware-4,22.64851976614197,4,4,False,194.12722062894076,33
diceware-4,21.21239337442692,4,4,False,182.3619345302171,31
diceware-4,19.48657325985289,4,4,False,200.00986367830262,34
diceware-4,21.107373910115783,4,4,False,176.47929148085524,30
diceware-4,21.42863635800021,4,4,False,158.83136233276971,27
diceware-4,21.984973974322166,4,4,False,194.12722062894076,33
diceware-4,20.869443987446655,4,4,False,205.89250672766445,35
diceware-4,21.198565680099524,4,4,False,152.94871928340788,26
diceware-4,20.18016776430043,4,4,False,164.71400538213157,28
diceware-4,21.687931278894062,4,4,False,188.24457757957893,32
diceware-4,23.434140737312116,4,4,False,205.89250672766445,35
diceware-4,20.491084114268098,4,4,False,182.3619345302171,31
diceware-4,21.587514658914966,4,4,False,170.5966484314934,29
diceware-4,22.75209639789253,4,4,False,194.12722062894076,33
diceware-4,20.769134444482333,4,4,False,182.3619345302171,31
diceware-4,22.661441818914884,4,4,False,188.24457757957893,32
diceware-4,22.866595873136504,4,4,False,200.00986367830262,34
diceware-4,21.917768118555074,4,4,False,182.3619345302171,31
diceware-4,18.78270876834638,4,4,False,182.3619345302171,31
diceware-4,19.951438789167053,4,4,False,182.3619345302171,31
diceware-4,21.718117305204863,4,4,False,205.89250672766445,35
diceware-4,19.253225272963938,4,4,False,158.83136233276971,27
diceware-4,21.121634282669074,4,4,False,194.12722062894076,33
diceware-4,22.491925156556277,4,4,False,176.47929148085524,30
diceware-4,21.5680403006598,4,4,False,158.83136233276971,27
diceware-4,22.320698607381463,4,4,False,188.24457757957893,32
diceware-4,21.721990467450972,4,4,False,176.47929148085524,30
diceware-4,23.132814889257386,4,4,False,194.12722062894076,33
diceware-4,20.99934443946071,4,4,False,164.71400538213157,28
diceware-4,22.693768198310224,4,4,False,170.5966484314934,29
diceware-4,22.862071608920385,4,4,False,176.47929148085524,30
diceware-4,21.406115142554786,4,4,False,182.3619345302171,31
diceware-4,22.39944586792451,4,4,False,182.3619345302171,31
diceware-4,20.69976578126935,4,4,False,176.47929148085524,30
diceware-4,20.416938115690144,4,4,False,164.71400538213157,28
diceware-4,22.553485481303056,4,4,False,188.24457757957893,32
diceware-4,20.894011983880347,4,4,False,176.47929148085524,30
diceware-4,22.218061819108772,4,4,False,188.24457757957893,32
diceware-4,22.138023002642218,4,4,False,170.5966484314934,29
diceware-4,20.996282860961838,4,4,False,176.47929148085524,30
diceware-4,22.41522350503419,4,4,False,200.00986367830262,34
diceware-4,21.07638638980618,4,4,False,188.24457757957893,32
diceware-4,22.76927777548315,4,4,False,211.7751497770263,36
diceware-4,22.111551357203602,4,4,False,158.83136233276971,27
diceware-4,20.63809028299248,4,4,False,170.5966484314934,29
diceware-4,21.023576751988077,4,4,False,152.94871928340788,26
diceware-4,23.55542139820794,4,4,False,194.12722062894076,33
diceware-4,20.867452539720947,4,4,False,147.06607623404605,25
diceware-4,21.048015733606174,4,4,False,164.71400538213157,28
diceware-4,20.97440920028587,4,4,False,200.00986367830262,34
diceware-4,21.654480490292336,4,4,False,164.71400538213157,28
diceware-6,35.27415817485264,4,4,False,294.1321524680921,50
diceware-6,37.194847050222805,4,4,False,264.7189372212829,45
diceware-6,37.2415611692899,4,4,False,264.7189372212829,45
diceware-6,34.15547090701791,4,4,False,235.30572197447367,40
diceware-6,36.27854560847727,4,4,False,300.01479551745393,51
diceware-6,34.72928057226478,4,4,False,276.48422332000655,47
diceware-6,34.16564942594973,4,4,False,276.48422332000655,47
diceware-6,34.04601072291096,4,4,False,300.01479551745393,51
diceware-6,35.20150275993141,4,4,False,276.48422332000655,47
diceware-6,37.062668567735834,4,4,False,270.6015802706447,46
diceware-6,34.90211643853095,4,4,False,335.310653813625,57
diceware-6,34.83908143174141,4,4,False,276.48422332000655,47
diceware-6,34.377129651244196,4,4,False,235.30572197447367,40
diceware-6,36.43197580281238,4,4,False,264.7189372212829,45
diceware-6,35.537107466940185,4,4,False,311.7800816161776,53
diceware-6,34.45826097341818,4,4,False,276.48422332000655,47
diceware-6,36.06250856763021,4,4,False,288.2495094187302,49
diceware-6,35.21453894979839,4,4,False,264.7189372212829,45
diceware-6,35.34230778645268,4,4,False,276.48422332000655,47
diceware-6,35.324420484062784,4,4,False,288.2495094187302,49
diceware-6,34.492392110905534,4,4,False,270.6015802706447,46
diceware-6,36.819722674421264,4,4,False,323.54536771490126,55
diceware-6,33.68700192618621,4,4,False,276.48422332000655,47
diceware-6,36.74857535729315,4,4,False,323.54536771490126,55
diceware-6,33.696074355561365,4,4,False,270.6015802706447,46
diceware-6,35.65365611181094,4,4,False,294.1321524680921,50
diceware-6,34.42443856012101,4,4,False,282.3668663693684,48
diceware-6,35.41487198961691,4,4,False,247.07100807319733,42
diceware-6,34.639091132811785,4,4,False,258.83629417192105,44
diceware-6,36.48041967912933,4,4,False,270.6015802706447,46
diceware-6,37.270023777578004,4,4,False,317.66272466553943,54
diceware-6,37.38227823192908,4,4,False,294.1321524680921,50
diceware-6,34.49675272062991,4,4,False,300.01479551745393,51
diceware-6,31.509220970699488,4,4,False,282.3668663693684,48
diceware-6,35.88605647275558,4,4,False,311.7800816161776,53
diceware-6,35.72254161591864,4,4,False,276.48422332000655,47
diceware-6,34.47203902059245,4,4,False,305.89743856681577,52
diceware-6,36.14965069481817,4,4,False,247.07100807319733,42
diceware-6,37.35178287939692,4,4,False,300.01479551745393,51
diceware-6,36.97598057307123,4,4,False,276.48422332000655,47
diceware-6,33.01095456238658,4,4,False,276.48422332000655,47
diceware-6,35.30591178927495,4,4,False,300.01479551745393,51
diceware-6,33.54808696322791,4,4,False,229.4230789251118,39
diceware-6,36.1108980062823,4,4,False,258.83629417192105,44
diceware-6,35.99417476608456,4,4,False,311.7800816161776,53
diceware-6,33.888249834346176,4,4,False,264.7189372212829,45
diceware-6,37.6643938577543,4,4,False,247.07100807319733,42
diceware-6,36.34703560127614,4,4,False,317.66272466553943,54
diceware-6,35.962526730628824,4,4,False,270.6015802706447,46
diceware-6,35.03263430663211,4,4,False,282.3668663693684,48
diceware-6,36.976314670419555,4,4,False,252.9536511225592,43
diceware-6,36.2988892239953,4,4,False,258.83629417192105,44
diceware-6,35.946812854804364,4,4,False,270.6015802706447,46
diceware-6,36.92946817026859,4,4,False,305.89743856681577,52
diceware-6,37.204681114014896,4,4,False,270.6015802706447,46
diceware-6,34.76937265475487,4,4,False,270.6015802706447,46
diceware-6,34.5344791792426,4,4,False,294.1321524680921,50
diceware-6,36.29402337983589,4,4,False,264.7189372212829,45
diceware-6,36.4757591762484,4,4,False,229.4230789251118,39
diceware-6,35.21801020389508,4,4,False,264.7189372212829,45
diceware-6,37.33731211946668,4,4,False,258.83629417192105,44
diceware-6,35.845807679465736,4,4,False,300.01479551745393,51
diceware-6,32.66489458999985,4,4,False,294.1321524680921,50
diceware-6,35.842351650107155,4,4,False,270.6015802706447,46
diceware-6,35.80022433204114,4,4,False,241.1883650238355,41
diceware-6,36.444885715486755,4,4,False,288.2495094187302,49
diceware-6,33.98679780842492,4,4,False,276.48422332000655,47
diceware-6,33.1804136027932,4,4,False,252.9536511225592,43
diceware-6,36.00620579846549,4,4,False,247.07100807319733,42
diceware-6,34.95303888820909,4,4,False,276.48422332000655,47
diceware-6,36.26485857376286,4,4,False,311.7800816161776,53
diceware-6,36.50616075918159,4,4,False,300.01479551745393,51
diceware-6,35.79123732537449,4,4,False,252.9536511225592,43
diceware-6,36.65338375109967,4,4,False,300.01479551745393,51
diceware-6,36.184285119016934,4,4,False,264.7189372212829,45
diceware-6,36.16976249641683,4,4,False,305.89743856681577,52
diceware-6,34.91761923513332,4,4,False,258.83629417192105,44
diceware-6,35.611222392433056,4,4,False,300.01479551745393,51
diceware-6,36.41709975152431,4,4,False,288.2495094187302,49
diceware-6,36.645334748236955,4,4,False,264.7189372212829,45
diceware-6,33.941689227658735,4,4,False,311.7800816161776,53
diceware-6,36.820851939175945,4,4,False,270.6015802706447,46
diceware-6,34.404458900534735,4,4,False,317.66272466553943,54
diceware-6,36.36983240489603,4,4,False,282.3668663693684,48
diceware-6,36.321900407415264,4,4,False,270.6015802706447,46
diceware-6,35.59405319650016,4,4,False,300.01479551745393,51
diceware-6,34.74143897748229,4,4,False,288.2495094187302,49
diceware-6,36.95180692758211,4,4,False,288.2495094187302,49
diceware-6,36.38753200151,4,4,False,270.6015802706447,46
diceware-6,35.45076533756866,4,4,False,282.3668663693684,48
diceware-6,34.294372608206864,4,4,False,252.9536511225592,43
diceware-6,36.76257137164095,4,4,False,270.6015802706447,46
diceware-6,36.34442904248235,4,4,False,288.2495094187302,49
diceware-6,32.93990714469915,4,4,False,270.6015802706447,46
diceware-6,35.33137442000989,4,4,False,288.2495094187302,49
diceware-6,35.63739073045538,4,4,False,288.2495094187302,49
diceware-6,36.094684630936456,4,4,False,264.7189372212829,45
diceware-6,37.132778133195025,4,4,False,264.7189372212829,45
diceware-6,36.77160543541289,4,4,False,323.54536771490126,55
diceware-6,34.8346595828115,4,4,False,282.3668663693684,48
diceware-6,35.91288478093451,4,4,False,294.1321524680921,50
diceware-6,36.35389213074263,4,4,False,252.9536511225592,43
diceware-6,37.275530601243894,4,4,False,282.3668663693684,48
diceware-6,35.39383819989813,4,4,False,282.3668663693684,48
diceware-6,35.69870026735834,4,4,False,270.6015802706447,46
diceware-6,35.31706379066989,4,4,False,300.01479551745393,51
diceware-6,36.442337342021126,4,4,False,264.7189372212829,45
diceware-6,34.74336949237713,4,4,False,282.3668663693684,48
diceware-6,33.91294639277113,4,4,False,323.54536771490126,55
diceware-6,36.06411105547448,4,4,False,294.1321524680921,50
diceware-6,31.476704631596323,4,4,False,229.4230789251118,39
diceware-6,35.179024142682835,4,4,False,258.83629417192105,44
diceware-6,33.81281790690048,4,4,False,258.83629417192105,44
diceware-6,34.73289351788847,4,4,False,294.1321524680921,50
diceware-6,33.93332607802939,4,4,False,282.3668663693684,48
diceware-6,36.689536604858155,4,4,False,270.6015802706447,46
diceware-6,33.12324240020586,4,4,False,270.6015802706447,46
diceware-6,35.461420051463165,4,4,False,258.83629417192105,44
diceware-6,36.52957894040936,4,4,False,276.48422332000655,47
diceware-6,35.20672708363532,4,4,False,317.66272466553943,54
diceware-6,36.57316851071425,4,4,False,300.01479551745393,51
diceware-6,33.928346743318706,4,4,False,247.07100807319733,42
diceware-6,33.71945877912131,4,4,False,300.01479551745393,51
diceware-6,35.459598061434136,4,4,False,223.54043587574998,38
diceware-6,36.076481297406836,4,4,False,264.7189372212829,45
diceware-6,35.63768058172265,4,4,False,235.30572197447367,40
diceware-6,34.0677990937357,4,4,False,276.48422332000655,47
diceware-6,34.88307544479434,4,4,False,217.65779282638815,37
diceware-6,36.76426469188303,4,4,False,282.3668663693684,48
diceware-6,36.70203211628015,4,4,False,270.6015802706447,46
diceware-6,37.101518734013595,4,4,False,305.89743856681577,52
diceware-6,36.84327454907492,4,4,False,300.01479551745393,51
diceware-6,37.15231515930844,4,4,False,276.48422332000655,47
diceware-6,35.93536777431183,4,4,False,288.2495094187302,49
diceware-6,36.90803701939162,4,4,False,282.3668663693684,48
diceware-6,35.797846574517386,4,4,False,235.30572197447367,40
diceware-6,33.87793680460419,4,4,False,288.2495094187302,49
diceware-6,35.746967343047665,4,4,False,282.3668663693684,48
diceware-6,36.2156648214303,4,4,False,247.07100807319733,42
diceware-6,37.4626927981593,4,4,False,276.48422332000655,47
diceware-6,36.01727178518796,4,4,False,294.1321524680921,50
diceware-6,37.134974159625386,4,4,False,288.2495094187302,49
diceware-6,35.66867390265209,4,4,False,229.4230789251118,39
diceware-6,35.03685885253447,4,4,False,288.2495094187302,49
diceware-6,35.65061025273225,4,4,False,252.9536511225592,43
diceware-6,33.31068141557049,4,4,False,247.07100807319733,42
diceware-6,35.04926127193555,4,4,False,282.3668663693684,48
diceware-6,35.00624342721474,4,4,False,276.48422332000655,47
diceware-6,37.4136043635638,4,4,False,258.83629417192105,44
diceware-6,37.25397726521682,4,4,False,276.48422332000655,47
diceware-6,35.9383691941941,4,4,False,270.6015802706447,46
diceware-6,35.69408157729416,4,4,False,300.01479551745393,51
diceware-6,34.46360350841314,4,4,False,294.1321524680921,50
diceware-6,36.56773512669301,4,4,False,294.1321524680921,50
diceware-6,33.97553169914748,4,4,False,294.1321524680921,50
diceware-6,35.67589374122078,4,4,False,258.83629417192105,44
diceware-6,34.9097888051698,4,4,False,329.42801076426315,56
diceware-6,34.2050220752205,4,4,False,294.1321524680921,50
diceware-6,35.85183967049358,4,4,False,311.7800816161776,53
diceware-6,36.03480844912146,4,4,False,288.2495094187302,49
diceware-6,35.90917078195796,4,4,False,300.01479551745393,51
diceware-6,34.88489069167496,4,4,False,264.7189372212829,45
diceware-6,35.52256104607863,4,4,False,270.6015802706447,46
diceware-6,36.983805029509,4,4,False,288.2495094187302,49
diceware-6,34.25179714708473,4,4,False,270.6015802706447,46
diceware-6,36.492928586011686,4,4,False,276.48422332000655,47
diceware-6,34.54233488672353,4,4,False,276.48422332000655,47
diceware-6,35.371817940048565,4,4,False,241.1883650238355,41
diceware-6,37.069722037421506,4,4,False,241.1883650238355,41
diceware-6,34.65076625784899,4,4,False,241.1883650238355,41
diceware-6,36.94629894900933,4,4,False,288.2495094187302,49
diceware-6,35.42694051102642,4,4,False,247.07100807319733,42
diceware-6,36.30746408372267,4,4,False,282.3668663693684,48
diceware-6,36.15954883921614,4,4,False,323.54536771490126,55
diceware-6,36.38130259728124,4,4,False,288.2495094187302,49
diceware-6,37.089451624536075,4,4,False,294.1321524680921,50
diceware-6,36.945367949816976,4,4,False,270.6015802706447,46
diceware-6,34.85880941169671,4,4,False,276.48422332000655,47
diceware-6,35.1334557334085,4,4,False,276.48422332000655,47
diceware-6,35.46724214119878,4,4,False,247.07100807319733,42
diceware-6,36.31497167135324,4,4,False,247.07100807319733,42
diceware-6,36.939188312527186,4,4,False,288.2495094187302,49
diceware-6,34.35002168810857,4,4,False,311.7800816161776,53
diceware-6,36.21761557743061,4,4,False,276.48422332000655,47
diceware-6,36.69034189918709,4,4,False,258.83629417192105,44
diceware-6,35.053950966494156,4,4,False,288.2495094187302,49
diceware-6,34.096738604562994,4,4,False,264.7189372212829,45
diceware-6,37.540464764536495,4,4,False,294.1321524680921,50
diceware-6,35.46245690902853,4,4,False,276.48422332000655,47
diceware-6,35.003045486411736,4,4,False,270.6015802706447,46
diceware-6,35.4292893679154,4,4,False,300.01479551745393,51
diceware-6,35.84259163267183,4,4,False,264.7189372212829,45
diceware-6,36.28924975250138,4,4,False,300.01479551745393,51
diceware-6,34.61378810759952,4,4,False,264.7189372212829,45
diceware-6,36.19055723419996,4,4,False,282.3668663693684,48
diceware-6,37.218410085175094,4,4,False,323.54536771490126,55
diceware-6,34.49728403308849,4,4,False,282.3668663693684,48
diceware-6,35.84967070042476,4,4,False,288.2495094187302,49
diceware-6,35.70679467235943,4,4,False,282.3668663693684,48
diceware-6,32.7237406975367,4,4,False,282.3668663693684,48
diceware-6,31.809142247950305,4,4,False,258.83629417192105,44
diceware-6,35.845276938666174,4,4,False,264.7189372212829,45
diceware-6,36.344952127301184,4,4,False,235.30572197447367,40
diceware-6,35.60666639415454,4,4,False,270.6015802706447,46
diceware-6,36.00885288159926,4,4,False,270.6015802706447,46
diceware-6,35.75691811555284,4,4,False,247.07100807319733,42
diceware-6,33.52641433703907,4,4,False,258.83629417192105,44
diceware-6,35.04786218043024,4,4,False,300.01479551745393,51
diceware-6,34.292144420591846,4,4,False,282.3668663693684,48
diceware-6,33.17013213373626,4,4,False,270.6015802706447,46
diceware-6,35.02473258010852,4,4,False,258.83629417192105,44
diceware-6,35.30883401097032,4,4,False,317.66272466553943,54
diceware-6,36.59944922669307,4,4,False,264.7189372212829,45
diceware-6,36.622072739729354,4,4,False,276.48422332000655,47
diceware-6,35.31586231988379,4,4,False,252.9536511225592,43
diceware-6,36.4744079197625,4,4,False,294.1321524680921,50
diceware-6,34.71750795038574,4,4,False,270.6015802706447,46
diceware-6,35.18629207025164,4,4,False,282.3668663693684,48
diceware-6,36.86716829654719,4,4,False,235.30572197447367,40
diceware-6,34.477068819416765,4,4,False,276.48422332000655,47
diceware-6,35.81682055724707,4,4,False,270.6015802706447,46
diceware-6,36.054539090401654,4,4,False,294.1321524680921,50
diceware-6,33.77497035503276,4,4,False,276.48422332000655,47
diceware-6,36.78158981448696,4,4,False,317.66272466553943,54
diceware-6,36.64477340982495,4,4,False,294.1321524680921,50
diceware-6,36.62403829830583,4,4,False,300.01479551745393,51
diceware-6,36.90828240401183,4,4,False,294.1321524680921,50
diceware-6,35.93748833870896,4,4,False,229.4230789251118,39
diceware-6,34.7698281317029,4,4,False,247.07100807319733,42
diceware-6,37.381007821000935,4,4,False,276.48422332000655,47
diceware-6,36.1553213177445,4,4,False,276.48422332000655,47
diceware-6,35.07414008954563,4,4,False,247.07100807319733,42
diceware-6,36.35210640524377,4,4,False,305.89743856681577,52
diceware-6,34.42545133895898,4,4,False,341.1932968629868,58
diceware-6,36.87304145480821,4,4,False,264.7189372212829,45
diceware-6,35.91347606889194,4,4,False,317.66272466553943,54
diceware-6,35.346102428419215,4,4,False,294.1321524680921,50
diceware-6,36.907005641056834,4,4,False,288.2495094187302,49
diceware-6,36.03331537630908,4,4,False,288.2495094187302,49
diceware-6,35.847567976135316,4,4,False,282.3668663693684,48
diceware-6,35.69317203369681,4,4,False,282.3668663693684,48
diceware-6,36.726011358291125,4,4,False,258.83629417192105,44
diceware-6,34.96774197566986,4,4,False,288.2495094187302,49
diceware-6,34.37509869888361,4,4,False,300.01479551745393,51
diceware-6,36.015482254639025,4,4,False,288.2495094187302,49
diceware-6,36.59876690419186,4,4,False,211.7751497770263,36
diceware-6,35.116652525580676,4,4,False,282.3668663693684,48
diceware-6,34.449265951463836,4,4,False,270.6015802706447,46
diceware-6,35.993486142585745,4,4,False,300.01479551745393,51
diceware-6,36.47710668349241,4,4,False,282.3668663693684,48
diceware-6,33.45076828281938,4,4,False,235.30572197447367,40
diceware-6,36.5911916927983,4,4,False,252.9536511225592,43
diceware-6,35.76811338568396,4,4,False,270.6015802706447,46
diceware-6,35.904376412449466,4,4,False,288.2495094187302,49
diceware-6,36.410740566263186,4,4,False,270.6015802706447,46
diceware-6,36.018776538738955,4,4,False,276.48422332000655,47
diceware-6,37.12408117698493,4,4,False,282.3668663693684,48
diceware-6,33.55366240115283,4,4,False,282.3668663693684,48
diceware-6,36.125015796202824,4,4,False,270.6015802706447,46
diceware-6,33.66563957957948,4,4,False,294.1321524680921,50
diceware-6,35.56083495966892,4,4,False,258.83629417192105,44
diceware-6,36.30140133412971,4,4,False,282.3668663693684,48
diceware-6,36.61107647558937,4,4,False,311.7800816161776,53
diceware-6,37.39215465161742,4,4,False,294.1321524680921,50
diceware-6,36.24880248390851,4,4,False,241.1883650238355,41
diceware-6,35.177671140486105,4,4,False,252.9536511225592,43
diceware-6,35.022808555139456,4,4,False,311.7800816161776,53
diceware-6,36.753982981733486,4,4,False,270.6015802706447,46
diceware-6,35.462700877592226,4,4,False,305.89743856681577,52
diceware-6,35.848841119255994,4,4,False,247.07100807319733,42
diceware-6,35.93023112686486,4,4,False,294.1321524680921,50
diceware-6,33.872117973872626,4,4,False,258.83629417192105,44
diceware-6,35.85210429439761,4,4,False,311.7800816161776,53
diceware-6,36.762964904351406,4,4,False,276.48422332000655,47
diceware-6,35.50201435957483,4,4,False,241.1883650238355,41
diceware-6,34.69951095329485,4,4,False,288.2495094187302,49
diceware-6,33.194086533407095,4,4,False,270.6015802706447,46
diceware-6,36.59468154865948,4,4,False,270.6015802706447,46
diceware-6,35.67993312809248,4,4,False,276.48422332000655,47
diceware-6,35.582488733328475,4,4,False,264.7189372212829,45
diceware-6,31.97641180010701,4,4,False,311.7800816161776,53
diceware-6,34.95927560247668,4,4,False,305.89743856681577,52
diceware-6,32.796613778508465,4,4,False,282.3668663693684,48
diceware-6,36.1517503106101,4,4,False,264.7189372212829,45
diceware-6,34.43994680168824,4,4,False,276.48422332000655,47
diceware-6,32.67187215906721,4,4,False,270.6015802706447,46
diceware-6,34.490669400098085,4,4,False,282.3668663693684,48
diceware-6,35.03200592794621,4,4,False,270.6015802706447,46
diceware-6,34.254921189754256,4,4,False,288.2495094187302,49
diceware-6,35.16192805327866,4,4,False,282.3668663693684,48
diceware-6,36.94968993530105,4,4,False,317.66272466553943,54
diceware-6,34.677013483778005,4,4,False,264.7189372212829,45
diceware-6,36.37696292860916,4,4,False,252.9536511225592,43
diceware-6,36.214980411038404,4,4,False,264.7189372212829,45
diceware-6,35.06439434763073,4,4,False,241.1883650238355,41
diceware-6,33.67150111183063,4,4,False,264.7189372212829,45
diceware-6,34.10500851060488,4,4,False,311.7800816161776,53
diceware-6,33.788941317585106,4,4,False,264.7189372212829,45
diceware-6,35.739941474882585,4,4,False,294.1321524680921,50
diceware-6,35.70342003197636,4,4,False,276.48422332000655,47
diceware-6,36.82654768831311,4,4,False,294.1321524680921,50
diceware-6,35.25377037105207,4,4,False,282.3668663693684,48
diceware-6,33.45528064963787,4,4,False,282.3668663693684,48
diceware-6,35.367581670267654,4,4,False,288.2495094187302,49
diceware-6,37.3869144166152,4,4,False,282.3668663693684,48
diceware-6,37.34301816112947,4,4,False,276.48422332000655,47
diceware-6,35.38848674975482,4,4,False,300.01479551745393,51
diceware-6,36.77073635141089,4,4,False,276.48422332000655,47
diceware-6,36.65125331854258,4,4,False,229.4230789251118,39
diceware-6,35.88447259764375,4,4,False,252.9536511225592,43
diceware-6,36.13339431263797,4,4,False,258.83629417192105,44
diceware-6,37.08468879901942,4,4,False,288.2495094187302,49
diceware-6,34.858868687529586,4,4,False,300.01479551745393,51
diceware-6,33.23394330767678,4,4,False,288.2495094187302,49
diceware-6,36.00610569722507,4,4,False,258.83629417192105,44
diceware-6,35.259696987996165,4,4,False,270.6015802706447,46
diceware-6,34.7296074852087,4,4,False,294.1321524680921,50
diceware-6,35.41276681770282,4,4,False,288.2495094187302,49
diceware-6,36.684097482425706,4,4,False,264.7189372212829,45
diceware-6,34.4035984066307,4,4,False,229.4230789251118,39
diceware-6,35.179899814492046,4,4,False,264.7189372212829,45
diceware-6,36.52553032412473,4,4,False,264.7189372212829,45
diceware-6,35.67761233647345,4,4,False,217.65779282638815,37
diceware-6,36.58634732727526,4,4,False,294.1321524680921,50
diceware-6,34.39994003021357,4,4,False,264.7189372212829,45
diceware-6,34.42038807857621,4,4,False,305.89743856681577,52
diceware-6,33.78823559406305,4,4,False,294.1321524680921,50
diceware-6,34.612952179316224,4,4,False,276.48422332000655,47
diceware-6,36.23090207055293,4,4,False,294.1321524680921,50
diceware-6,35.62248136253791,4,4,False,258.83629417192105,44
diceware-6,35.05601864796114,4,4,False,288.2495094187302,49
diceware-6,35.464209480991826,4,4,False,294.1321524680921,50
diceware-6,35.18021656902198,4,4,False,247.07100807319733,42
diceware-6,36.3284390429204,4,4,False,276.48422332000655,47
diceware-6,36.62163360649863,4,4,False,282.3668663693684,48
diceware-6,35.37179545201628,4,4,False,311.7800816161776,53
diceware-6,35.53544406111015,4,4,False,294.1321524680921,50
diceware-6,36.29786483297049,4,4,False,305.89743856681577,52
diceware-6,34.64705845988363,4,4,False,258.83629417192105,44
diceware-6,33.28225030517632,4,4,False,294.1321524680921,50
diceware-6,32.40593014289997,4,4,False,276.48422332000655,47
diceware-6,35.1400920606669,4,4,False,252.9536511225592,43
diceware-6,35.22564933725216,4,4,False,288.2495094187302,49
diceware-6,34.28048569717547,4,4,False,294.1321524680921,50
diceware-6,35.71000667987959,4,4,False,288.2495094187302,49
diceware-6,34.023529602961034,4,4,False,264.7189372212829,45
diceware-6,36.11794816137671,4,4,False,294.1321524680921,50
diceware-6,33.92055565373364,4,4,False,305.89743856681577,52
diceware-6,34.38074750600363,4,4,False,217.65779282638815,37
diceware-6,33.1701051512934,4,4,False,223.54043587574998,38
diceware-6,33.3728218090006,4,4,False,241.1883650238355,41
diceware-6,34.716296216742585,4,4,False,264.7189372212829,45
diceware-6,34.35903013664151,4,4,False,264.7189372212829,45
diceware-6,37.624423229778486,4,4,False,247.07100807319733,42
diceware-6,35.85008092329657,4,4,False,282.3668663693684,48
diceware-6,35.53602559817583,4,4,False,217.65779282638815,37
diceware-6,37.03977917639821,4,4,False,294.1321524680921,50
diceware-6,36.529322691210375,4,4,False,252.9536511225592,43
diceware-6,36.02770897187834,4,4,False,264.7189372212829,45
diceware-6,35.91330277618662,4,4,False,288.2495094187302,49
diceware-6,36.024979959143415,4,4,False,282.3668663693684,48
diceware-6,32.87544477480616,4,4,False,270.6015802706447,46
diceware-6,33.74390355723114,4,4,False,282.3668663693684,48
diceware-6,34.25511072650469,4,4,False,276.48422332000655,47
diceware-6,35.55728947609437,4,4,False,252.9536511225592,43
diceware-6,34.641354240189386,4,4,False,282.3668663693684,48
diceware-6,34.50211804669104,4,4,False,252.9536511225592,43
diceware-6,35.657769437284934,4,4,False,300.01479551745393,51
diceware-6,35.78246772652659,4,4,False,282.3668663693684,48
diceware-6,32.040369275206906,4,4,False,258.83629417192105,44
diceware-6,35.65902245905158,4,4,False,229.4230789251118,39
diceware-6,36.59121297556195,4,4,False,294.1321524680921,50
diceware-6,36.429126110955345,4,4,False,317.66272466553943,54
diceware-6,35.93265673517808,4,4,False,229.4230789251118,39
diceware-6,36.393894703773334,4,4,False,241.1883650238355,41
diceware-6,37.24846418599684,4,4,False,305.89743856681577,52
diceware-6,36.41520671973099,4,4,False,247.07100807319733,42
diceware-6,36.3930750823618,4,4,False,270.6015802706447,46
diceware-6,36.739044516853156,4,4,False,294.1321524680921,50
diceware-6,35.48629995249187,4,4,False,270.6015802706447,46
diceware-6,33.21639435412148,4,4,False,288.2495094187302,49
diceware-6,36.11796022160463,4,4,False,270.6015802706447,46
diceware-6,33.77768464153203,4,4,False,264.7189372212829,45
diceware-6,34.76462827429686,4,4,False,276.48422332000655,47
diceware-6,33.26793166213445,4,4,False,276.48422332000655,47
diceware-6,37.39819913121358,4,4,False,288.2495094187302,49
diceware-6,35.83460565493662,4,4,False,264.7189372212829,45
diceware-6,34.92033814953331,4,4,False,276.48422332000655,47
diceware-6,36.79583488893707,4,4,False,241.1883650238355,41
diceware-6,35.97123541501543,4,4,False,247.07100807319733,42
diceware-6,36.13372528212361,4,4,False,317.66272466553943,54
diceware-6,35.09049614894891,4,4,False,258.83629417192105,44
diceware-6,35.76992713767636,4,4,False,241.1883650238355,41
diceware-6,34.68159678807127,4,4,False,282.3668663693684,48
diceware-6,36.33666952980161,4,4,False,300.01479551745393,51
diceware-6,36.87647150345948,4,4,False,258.83629417192105,44
diceware-6,35.55326681045662,4,4,False,300.01479551745393,51
diceware-6,34.41432582891967,4,4,False,276.48422332000655,47
diceware-6,36.24695761621399,4,4,False,241.1883650238355,41
diceware-6,37.10084457389015,4,4,False,300.01479551745393,51
diceware-4-nosep,15.990453103570227,4,3,False,126.91187238980947,27
diceware-4-nosep,16.026039286732342,4,3,False,131.61231210795057,28
diceware-4-nosep,15.349552838056173,4,3,False,131.61231210795057,28
diceware-4-nosep,15.865592334465251,4,3,False,112.81055323538621,24
diceware-4-nosep,13.87777549036308,4,3,False,150.41407098051494,32
diceware-4-nosep,15.01608060476659,4,3,False,108.11011351724511,23
diceware-4-nosep,14.109302165632869,4,3,False,136.31275182609167,29
diceware-4-nosep,14.632128021834962,4,3,False,122.21143267166839,26
diceware-4-nosep,15.80568021263106,4,3,False,141.01319154423274,30
diceware-4-nosep,16.058755315137066,4,3,False,145.71363126237384,31
diceware-4-nosep,15.65340198395608,4,3,False,98.70923408096293,21
diceware-4-nosep,16.429821081561865,4,3,False,150.41407098051494,32
diceware-4-nosep,15.302317487006231,4,3,False,126.91187238980947,27
diceware-4-nosep,14.647681715947451,4,3,False,145.71363126237384,31
diceware-4-nosep,15.295107494131365,4,3,False,98.70923408096293,21
diceware-4-nosep,13.90140489143041,4,3,False,117.51099295352729,25
diceware-4-nosep,15.396933272519963,4,3,False,126.91187238980947,27
diceware-4-nosep,16.598997297414506,4,3,False,155.11451069865603,33
diceware-4-nosep,14.926667571555692,4,3,False,145.71363126237384,31
diceware-4-nosep,15.408808476685307,4,3,False,131.61231210795057,28
diceware-4-nosep,14.533760422971442,4,3,False,122.21143267166839,26
diceware-4-nosep,15.087696727848197,4,3,False,136.31275182609167,29
diceware-4-nosep,15.99294717639796,4,3,False,126.91187238980947,27
diceware-4-nosep,13.281394623888836,4,3,False,141.01319154423274,30
diceware-4-nosep,16.464934462743877,4,3,False,112.81055323538621,24
diceware-4-nosep,15.321971700379143,4,3,False,136.31275182609167,29
diceware-4-nosep,14.530028497868864,4,3,False,117.51099295352729,25
diceware-4-nosep,14.978960997149203,4,3,False,131.61231210795057,28
diceware-4-nosep,14.491478911746679,4,3,False,145.71363126237384,31
diceware-4-nosep,15.875252703213087,4,3,False,126.91187238980947,27
diceware-4-nosep,15.233606806056192,4,3,False,141.01319154423274,30
diceware-4-nosep,14.57582040032878,4,3,False,155.11451069865603,33
diceware-4-nosep,14.42536045173832,4,3,False,131.61231210795057,28
diceware-4-nosep,14.716382305777923,4,3,False,145.71363126237384,31
diceware-4-nosep,14.96351426504842,4,3,False,117.51099295352729,25
diceware-4-nosep,16.11538522157816,4,3,False,131.61231210795057,28
diceware-4-nosep,16.44045227467964,4,3,False,126.91187238980947,27
diceware-4-nosep,13.384650095481309,4,3,False,141.01319154423274,30
diceware-4-nosep,13.88501298280679,4,4,False,147.06607623404605,25
diceware-4-nosep,15.86817995561553,4,3,False,131.61231210795057,28
diceware-4-nosep,15.420348014319057,4,3,False,117.51099295352729,25
diceware-4-nosep,15.746464442400722,4,3,False,145.71363126237384,31
diceware-4-nosep,12.845214849519715,4,3,False,150.41407098051494,32
diceware-4-nosep,14.575576160014837,4,3,False,145.71363126237384,31
diceware-4-nosep,15.337183287415337,4,3,False,122.21143267166839,26
diceware-4-nosep,13.493738040589005,4,3,False,122.21143267166839,26
diceware-4-nosep,14.380809192133086,4,3,False,141.01319154423274,30
diceware-4-nosep,13.917106369388705,4,3,False,131.61231210795057,28
diceware-4-nosep,15.05923946159987,4,3,False,131.61231210795057,28
diceware-4-nosep,14.11919076905642,4,3,False,117.51099295352729,25
diceware-4-nosep,14.99458166645311,4,3,False,155.11451069865603,33
diceware-4-nosep,15.857872264881559,4,3,False,131.61231210795057,28
diceware-4-nosep,14.115299980722325,4,3,False,117.51099295352729,25
diceware-4-nosep,15.44883801342898,4,3,False,131.61231210795057,28
diceware-4-nosep,13.463818656109808,4,3,False,117.51099295352729,25
diceware-4-nosep,13.876832246461884,4,3,False,131.61231210795057,28
diceware-4-nosep,14.954172968047867,4,3,False,122.21143267166839,26
diceware-4-nosep,12.897474794145461,4,3,False,122.21143267166839,26
diceware-4-nosep,13.048649136821366,4,3,False,141.01319154423274,30
diceware-4-nosep,14.139799729981625,4,3,False,131.61231210795057,28
diceware-4-nosep,15.57561316833612,4,3,False,126.91187238980947,27
diceware-4-nosep,15.134535255418982,4,3,False,141.01319154423274,30
diceware-4-nosep,15.490769655212057,4,3,False,136.31275182609167,29
diceware-4-nosep,14.848004637033073,4,3,False,117.51099295352729,25
diceware-4-nosep,16.030865304406664,4,3,False,98.70923408096293,21
diceware-4-nosep,15.547230428577627,4,3,False,159.81495041679713,34
diceware-4-nosep,15.411286131815107,4,3,False,141.01319154423274,30
diceware-4-nosep,14.263245494158248,4,3,False,145.71363126237384,31
diceware-4-nosep,15.319790456644998,4,3,False,131.61231210795057,28
diceware-4-nosep,13.986827009918095,4,3,False,122.21143267166839,26
diceware-4-nosep,13.550541833091156,4,3,False,145.71363126237384,31
diceware-4-nosep,16.729267424113186,4,3,False,103.40967379910401,22
diceware-4-nosep,11.936204242570822,4,3,False,117.51099295352729,25
diceware-4-nosep,14.984787486154163,4,3,False,117.51099295352729,25
diceware-4-nosep,13.28330910355502,4,3,False,117.51099295352729,25
diceware-4-nosep,15.541474341188916,4,3,False,122.21143267166839,26
diceware-4-nosep,15.651147016518355,4,3,False,141.01319154423274,30
diceware-4-nosep,16.262252092240285,4,3,False,150.41407098051494,32
diceware-4-nosep,14.656113871335984,4,3,False,136.31275182609167,29
diceware-4-nosep,14.373542811506955,4,3,False,136.31275182609167,29
diceware-4-nosep,12.518471059787913,4,3,False,141.01319154423274,30
diceware-4-nosep,14.646977971518435,4,3,False,108.11011351724511,23
diceware-4-nosep,14.621845704728893,4,3,False,122.21143267166839,26
diceware-4-nosep,14.65488849372066,4,3,False,141.01319154423274,30
diceware-4-nosep,15.682527788209413,4,3,False,141.01319154423274,30
diceware-4-nosep,16.272776509652978,4,3,False,108.11011351724511,23
diceware-4-nosep,15.746901716485675,4,4,False,176.47929148085524,30
diceware-4-nosep,12.64197634653635,4,3,False,126.91187238980947,27
diceware-4-nosep,15.267868615051487,4,3,False,131.61231210795057,28
diceware-4-nosep,14.783122825578356,4,3,False,141.01319154423274,30
diceware-4-nosep,14.646578596040445,4,3,False,112.81055323538621,24
diceware-4-nosep,14.542458254539493,4,3,False,145.71363126237384,31
diceware-4-nosep,15.996387117884984,4,3,False,122.21143267166839,26
diceware-4-nosep,16.314669397943643,4,3,False,136.31275182609167,29
diceware-4-nosep,14.509229014263639,4,3,False,108.11011351724511,23
diceware-4-nosep,15.071413382804357,4,3,False,150.41407098051494,32
diceware-4-nosep,13.049584889244615,4,3,False,122.21143267166839,26
diceware-4-nosep,14.678484072302378,4,3,False,122.21143267166839,26
diceware-4-nosep,14.625005523863072,4,3,False,131.61231210795057,28
diceware-4-nosep,16.08423192054914,4,3,False,136.31275182609167,29
diceware-4-nosep,14.217481998503562,4,3,False,145.71363126237384,31
diceware-4-nosep,15.560856857536232,4,3,False,150.41407098051494,32
diceware-4-nosep,14.02864671682324,4,3,False,141.01319154423274,30
diceware-4-nosep,14.415768992091907,4,3,False,145.71363126237384,31
diceware-4-nosep,14.842672477081777,4,3,False,126.91187238980947,27
diceware-4-nosep,14.29271006044676,4,3,False,112.81055323538621,24
diceware-4-nosep,14.481109272536594,4,3,False,117.51099295352729,25
diceware-4-nosep,15.008507787294478,4,3,False,122.21143267166839,26
diceware-4-nosep,15.284344411882655,4,3,False,145.71363126237384,31
diceware-4-nosep,15.64580617418578,4,3,False,122.21143267166839,26
diceware-4-nosep,15.596714864352814,4,3,False,145.71363126237384,31
diceware-4-nosep,14.771185649107233,4,3,False,117.51099295352729,25
diceware-4-nosep,13.276100310169012,4,3,False,126.91187238980947,27
diceware-4-nosep,13.460928274643205,4,3,False,103.40967379910401,22
diceware-4-nosep,13.875486921477622,4,3,False,117.51099295352729,25
diceware-4-nosep,14.680931152169101,4,3,False,112.81055323538621,24
diceware-4-nosep,16.03037427045846,4,3,False,131.61231210795057,28
diceware-4-nosep,14.755085531882427,4,3,False,131.61231210795057,28
diceware-4-nosep,15.094643034047346,4,3,False,150.41407098051494,32
diceware-4-nosep,14.797224186179738,4,3,False,117.51099295352729,25
diceware-4-nosep,14.725047022572578,4,3,False,126.91187238980947,27
diceware-4-nosep,15.72442303572464,4,3,False,131.61231210795057,28
diceware-4-nosep,15.40547045030444,4,3,False,126.91187238980947,27
diceware-4-nosep,15.836481036002242,4,3,False,98.70923408096293,21
diceware-4-nosep,14.14533536246565,4,3,False,136.31275182609167,29
diceware-4-nosep,16.167050497897655,4,3,False,122.21143267166839,26
diceware-4-nosep,14.992225424469588,4,3,False,108.11011351724511,23
diceware-4-nosep,16.228072247076938,4,3,False,126.91187238980947,27
diceware-4-nosep,14.348325173046344,4,3,False,141.01319154423274,30
diceware-4-nosep,13.737589416543367,4,3,False,122.21143267166839,26
diceware-4-nosep,15.632332889653977,4,3,False,122.21143267166839,26
diceware-4-nosep,14.40254784813745,4,3,False,117.51099295352729,25
diceware-4-nosep,16.026649487931888,4,3,False,122.21143267166839,26
diceware-4-nosep,15.410941457518812,4,3,False,155.11451069865603,33
diceware-4-nosep,14.648841141550635,4,3,False,112.81055323538621,24
diceware-4-nosep,14.943894667679988,4,3,False,141.01319154423274,30
diceware-4-nosep,15.575974716197141,4,3,False,136.31275182609167,29
diceware-4-nosep,15.209630030503828,4,3,False,136.31275182609167,29
diceware-4-nosep,14.725220468491324,4,3,False,155.11451069865603,33
diceware-4-nosep,14.652734995083225,4,3,False,131.61231210795057,28
diceware-4-nosep,15.764928985337974,4,3,False,159.81495041679713,34
diceware-4-nosep,16.351727721371237,4,3,False,126.91187238980947,27
diceware-4-nosep,15.60754318163767,4,3,False,126.91187238980947,27
diceware-4-nosep,15.627720391708896,4,3,False,150.41407098051494,32
diceware-4-nosep,16.406191766470428,4,3,False,141.01319154423274,30
diceware-4-nosep,15.310119608333833,4,3,False,126.91187238980947,27
diceware-4-nosep,14.942978504926058,4,3,False,136.31275182609167,29
diceware-4-nosep,14.54182691941488,4,3,False,159.81495041679713,34
diceware-4-nosep,14.848573391682637,4,3,False,126.91187238980947,27
diceware-4-nosep,14.664516748890929,4,3,False,126.91187238980947,27
diceware-4-nosep,14.906107323944457,4,3,False,136.31275182609167,29
diceware-4-nosep,14.542979216179658,4,3,False,108.11011351724511,23
diceware-4-nosep,14.587774651531197,4,3,False,126.91187238980947,27
diceware-4-nosep,14.101730901640222,4,3,False,126.91187238980947,27
diceware-4-nosep,14.24000068323609,4,3,False,103.40967379910401,22
diceware-4-nosep,15.855391569025903,4,3,False,145.71363126237384,31
diceware-4-nosep,15.853761165789336,4,3,False,136.31275182609167,29
diceware-4-nosep,15.41336153214526,4,3,False,98.70923408096293,21
diceware-4-nosep,15.083162169910034,4,3,False,126.91187238980947,27
diceware-4-nosep,14.734303605419203,4,3,False,122.21143267166839,26
diceware-4-nosep,15.234600054212583,4,3,False,126.91187238980947,27
diceware-4-nosep,12.824665637238981,4,3,False,108.11011351724511,23
diceware-4-nosep,15.334888607595566,4,3,False,122.21143267166839,26
diceware-4-nosep,15.955506107398756,4,3,False,150.41407098051494,32
diceware-4-nosep,16.079358959627502,4,3,False,155.11451069865603,33
diceware-4-nosep,16.62622410107482,4,4,False,152.94871928340788,26
diceware-4-nosep,15.425431298144876,4,3,False,131.61231210795057,28
diceware-4-nosep,14.463573982783323,4,3,False,122.21143267166839,26
diceware-4-nosep,14.309111963084552,4,3,False,150.41407098051494,32
diceware-4-nosep,14.429633597953753,4,3,False,145.71363126237384,31
diceware-4-nosep,15.040175074466138,4,3,False,141.01319154423274,30
diceware-4-nosep,15.42640002065416,4,3,False,136.31275182609167,29
diceware-4-nosep,15.153950732949669,4,3,False,131.61231210795057,28
diceware-4-nosep,13.41468768238088,4,3,False,122.21143267166839,26
diceware-4-nosep,15.991373035507369,4,3,False,122.21143267166839,26
diceware-4-nosep,15.16014108427378,4,3,False,136.31275182609167,29
diceware-4-nosep,14.248880343400527,4,3,False,122.21143267166839,26
diceware-4-nosep,15.150041300199009,4,3,False,117.51099295352729,25
diceware-4-nosep,13.97077531163999,4,3,False,131.61231210795057,28
diceware-4-nosep,14.232346583443944,4,3,False,150.41407098051494,32
diceware-4-nosep,14.73323748757767,4,3,False,136.31275182609167,29
diceware-4-nosep,14.956444250534656,4,3,False,117.51099295352729,25
diceware-4-nosep,12.442959652917972,4,3,False,112.81055323538621,24
diceware-4-nosep,14.974737037073238,4,3,False,136.31275182609167,29
diceware-4-nosep,14.41568518666209,4,3,False,108.11011351724511,23
diceware-4-nosep,14.501375376708731,4,3,False,122.21143267166839,26
diceware-4-nosep,16.030935585191383,4,3,False,136.31275182609167,29
diceware-4-nosep,14.960567477762172,4,3,False,150.41407098051494,32
diceware-4-nosep,14.732853035473816,4,3,False,122.21143267166839,26
diceware-4-nosep,14.874111314583619,4,3,False,131.61231210795057,28
diceware-4-nosep,15.283375918707886,4,3,False,122.21143267166839,26
diceware-4-nosep,15.195193691721109,4,3,False,155.11451069865603,33
diceware-4-nosep,14.920627239675317,4,3,False,131.61231210795057,28
diceware-4-nosep,13.108587228241039,4,3,False,150.41407098051494,32
diceware-4-nosep,13.678465751990458,4,3,False,122.21143267166839,26
diceware-4-nosep,15.165740631719155,4,3,False,126.91187238980947,27
diceware-4-nosep,15.559593280469588,4,3,False,126.91187238980947,27
diceware-4-nosep,15.997541944882045,4,3,False,141.01319154423274,30
diceware-4-nosep,15.648096298975476,4,3,False,136.31275182609167,29
diceware-4-nosep,15.121875722656702,4,3,False,117.51099295352729,25
diceware-4-nosep,14.08202013975804,4,3,False,145.71363126237384,31
diceware-4-nosep,14.0582747659302,4,3,False,155.11451069865603,33
diceware-4-nosep,15.585099894091421,4,3,False,126.91187238980947,27
diceware-4-nosep,16.08521196292083,4,3,False,136.31275182609167,29
diceware-4-nosep,15.049604653531361,4,3,False,136.31275182609167,29
diceware-4-nosep,14.275251775411572,4,3,False,145.71363126237384,31
diceware-4-nosep,15.506545512099455,4,3,False,141.01319154423274,30
diceware-4-nosep,16.222347237720893,4,3,False,141.01319154423274,30
diceware-4-nosep,15.705575171883217,4,3,False,136.31275182609167,29
diceware-4-nosep,14.247209206379747,4,3,False,112.81055323538621,24
diceware-4-nosep,15.03341558661547,4,3,False,155.11451069865603,33
diceware-4-nosep,14.154966327265823,4,3,False,126.91187238980947,27
diceware-4-nosep,15.969017805080913,4,3,False,136.31275182609167,29
diceware-4-nosep,15.867325599694569,4,3,False,122.21143267166839,26
diceware-4-nosep,13.758614228118411,4,3,False,136.31275182609167,29
diceware-4-nosep,15.242437067689973,4,3,False,155.11451069865603,33
diceware-4-nosep,15.866751147906482,4,3,False,136.31275182609167,29
diceware-4-nosep,14.453504585878587,4,3,False,155.11451069865603,33
diceware-4-nosep,14.96706993282368,4,3,False,117.51099295352729,25
diceware-4-nosep,15.747434757538084,4,3,False,122.21143267166839,26
diceware-4-nosep,15.263070816392165,4,3,False,145.71363126237384,31
diceware-4-nosep,13.962318174620972,4,3,False,108.11011351724511,23
diceware-4-nosep,14.995989961365567,4,3,False,131.61231210795057,28
diceware-4-nosep,14.221657152186465,4,3,False,122.21143267166839,26
diceware-4-nosep,15.296223778232592,4,3,False,141.01319154423274,30
diceware-4-nosep,15.564256128098249,4,3,False,131.61231210795057,28
diceware-4-nosep,14.670415843599958,4,3,False,117.51099295352729,25
diceware-4-nosep,16.322962563916892,4,3,False,145.71363126237384,31
diceware-4-nosep,14.712696872874757,4,3,False,141.01319154423274,30
diceware-4-nosep,16.118196032680824,4,3,False,131.61231210795057,28
diceware-4-nosep,13.59845287224961,4,3,False,141.01319154423274,30
diceware-4-nosep,16.311040192380208,4,3,False,126.91187238980947,27
diceware-4-nosep,14.108939633624955,4,3,False,112.81055323538621,24
diceware-4-nosep,15.344652056282985,4,3,False,131.61231210795057,28
diceware-4-nosep,13.241929886017203,4,3,False,131.61231210795057,28
diceware-4-nosep,15.445561870356686,4,3,False,136.31275182609167,29
diceware-4-nosep,16.310461785086094,4,3,False,150.41407098051494,32
diceware-4-nosep,14.53905395936514,4,3,False,150.41407098051494,32
diceware-4-nosep,14.40460189565528,4,3,False,145.71363126237384,31
diceware-4-nosep,14.68691154119719,4,3,False,126.91187238980947,27
diceware-4-nosep,13.697473662215629,4,3,False,145.71363126237384,31
diceware-4-nosep,16.086806579434786,4,3,False,136.31275182609167,29
diceware-4-nosep,14.308553189177944,4,3,False,117.51099295352729,25
diceware-4-nosep,15.889068021123318,4,3,False,141.01319154423274,30
diceware-4-nosep,15.160008573141091,4,3,False,145.71363126237384,31
diceware-4-nosep,14.815951865219743,4,3,False,122.21143267166839,26
diceware-4-nosep,15.697038733371713,4,3,False,126.91187238980947,27
diceware-4-nosep,15.20130132428357,4,3,False,122.21143267166839,26
diceware-4-nosep,15.816060519398768,4,3,False,108.11011351724511,23
diceware-4-nosep,15.253924788548916,4,3,False,136.31275182609167,29
diceware-4-nosep,12.920764069391753,4,3,False,122.21143267166839,26
diceware-4-nosep,14.178040703029728,4,3,False,122.21143267166839,26
diceware-4-nosep,14.528777093392993,4,3,False,108.11011351724511,23
diceware-4-nosep,14.614999121920501,4,3,False,117.51099295352729,25
diceware-4-nosep,15.459653786342786,4,3,False,122.21143267166839,26
diceware-4-nosep,14.731372404052719,4,3,False,141.01319154423274,30
diceware-4-nosep,14.139455173085077,4,3,False,145.71363126237384,31
diceware-4-nosep,15.541400866245663,4,3,False,141.01319154423274,30
diceware-4-nosep,13.631039460296897,4,3,False,131.61231210795057,28
diceware-4-nosep,15.416083597710207,4,3,False,103.40967379910401,22
diceware-4-nosep,16.10014068080277,4,3,False,136.31275182609167,29
diceware-4-nosep,13.602295353360677,4,3,False,117.51099295352729,25
diceware-4-nosep,11.726856747588126,4,3,False,117.51099295352729,25
diceware-4-nosep,14.591216191447028,4,3,False,131.61231210795057,28
diceware-4-nosep,16.376639055831443,4,3,False,108.11011351724511,23
diceware-4-nosep,12.775820727802786,4,3,False,108.11011351724511,23
diceware-4-nosep,15.6761001480658,4,3,False,112.81055323538621,24
diceware-4-nosep,15.470895345148652,4,3,False,145.71363126237384,31
diceware-4-nosep,15.663760104224163,4,3,False,126.91187238980947,27
diceware-4-nosep,15.852787714566984,4,3,False,122.21143267166839,26
diceware-4-nosep,15.202557700656516,4,3,False,117.51099295352729,25
diceware-4-nosep,14.81616365556017,4,3,False,126.91187238980947,27
diceware-4-nosep,14.75107041239906,4,3,False,141.01319154423274,30
diceware-4-nosep,14.111599820166694,4,3,False,117.51099295352729,25
diceware-4-nosep,15.208569693493406,4,3,False,159.81495041679713,34
diceware-4-nosep,15.13692801748524,4,3,False,155.11451069865603,33
diceware-4-nosep,14.000363210403346,4,3,False,155.11451069865603,33
diceware-4-nosep,15.398175595096639,4,3,False,136.31275182609167,29
diceware-4-nosep,15.097339155804994,4,3,False,136.31275182609167,29
diceware-4-nosep,14.702910124810995,4,3,False,136.31275182609167,29
diceware-4-nosep,15.588589194012393,4,3,False,122.21143267166839,26
diceware-4-nosep,14.843279867657749,4,3,False,131.61231210795057,28
diceware-4-nosep,15.588680126987875,4,3,False,150.41407098051494,32
diceware-4-nosep,15.358489512819997,4,3,False,150.41407098051494,32
diceware-4-nosep,15.17692547345531,4,3,False,150.41407098051494,32
diceware-4-nosep,16.02276466614688,4,3,False,131.61231210795057,28
diceware-4-nosep,15.284777526956288,4,3,False,150.41407098051494,32
diceware-4-nosep,15.359304564610742,4,3,False,117.51099295352729,25
diceware-4-nosep,13.74501390888248,4,3,False,141.01319154423274,30
diceware-4-nosep,15.823112912152078,4,3,False,136.31275182609167,29
diceware-4-nosep,15.182452751919286,4,3,False,155.11451069865603,33
diceware-4-nosep,14.431472740873945,4,3,False,103.40967379910401,22
diceware-4-nosep,14.29732487305744,4,3,False,122.21143267166839,26
diceware-4-nosep,12.474987198646708,4,3,False,112.81055323538621,24
diceware-4-nosep,15.861677593261057,4,3,False,126.91187238980947,27
diceware-4-nosep,14.838440888133086,4,3,False,117.51099295352729,25
diceware-4-nosep,15.498168079092181,4,3,False,98.70923408096293,21
diceware-4-nosep,14.17909932155356,4,3,False,126.91187238980947,27
diceware-4-nosep,15.143613727940716,4,3,False,141.01319154423274,30
diceware-4-nosep,14.491620541999437,4,3,False,141.01319154423274,30
diceware-4-nosep,16.206891276894407,4,3,False,136.31275182609167,29
diceware-4-nosep,13.810542919225831,4,3,False,117.51099295352729,25
diceware-4-nosep,15.909988308048167,4,3,False,122.21143267166839,26
diceware-4-nosep,15.711982682621388,4,3,False,117.51099295352729,25
diceware-4-nosep,15.817877376537634,4,3,False,164.5153901349382,35
diceware-4-nosep,14.729186424583592,4,3,False,126.91187238980947,27
diceware-4-nosep,14.564262917541376,4,3,False,122.21143267166839,26
diceware-4-nosep,14.94638715202478,4,3,False,159.81495041679713,34
diceware-4-nosep,15.088922984765547,4,3,False,136.31275182609167,29
diceware-4-nosep,15.876170345031456,4,3,False,122.21143267166839,26
diceware-4-nosep,15.302709398252599,4,3,False,126.91187238980947,27
diceware-4-nosep,14.73551469707152,4,3,False,98.70923408096293,21
diceware-4-nosep,16.37636727026903,4,3,False,136.31275182609167,29
diceware-4-nosep,14.771178852485644,4,3,False,141.01319154423274,30
diceware-4-nosep,15.56057293563312,4,3,False,112.81055323538621,24
diceware-4-nosep,14.758442090468474,4,3,False,126.91187238980947,27
diceware-4-nosep,16.014855245087247,4,3,False,108.11011351724511,23
diceware-4-nosep,14.428578437042386,4,3,False,155.11451069865603,33
diceware-4-nosep,13.101283248063694,4,3,False,117.51099295352729,25
diceware-4-nosep,13.620794134862212,4,3,False,145.71363126237384,31
diceware-4-nosep,15.780718338577314,4,3,False,108.11011351724511,23
diceware-4-nosep,14.944078669134248,4,3,False,145.71363126237384,31
diceware-4-nosep,15.226914232950095,4,3,False,131.61231210795057,28
diceware-4-nosep,15.727429179449699,4,3,False,131.61231210795057,28
diceware-4-nosep,15.005840884338845,4,3,False,131.61231210795057,28
diceware-4-nosep,14.8428811000804,4,3,False,89.30835464468075,19
diceware-4-nosep,16.68952412950175,4,3,False,126.91187238980947,27
diceware-4-nosep,16.21214413248022,4,3,False,131.61231210795057,28
diceware-4-nosep,12.773712056203365,4,3,False,112.81055323538621,24
diceware-4-nosep,14.996180164276659,4,3,False,150.41407098051494,32
diceware-4-nosep,15.655899732428239,4,3,False,136.31275182609167,29
diceware-4-nosep,15.429078612500103,4,3,False,122.21143267166839,26
diceware-4-nosep,13.000010941330736,4,3,False,131.61231210795057,28
diceware-4-nosep,15.853013375770583,4,3,False,126.91187238980947,27
diceware-4-nosep,13.887594102891676,4,3,False,117.51099295352729,25
diceware-4-nosep,14.373337265700501,4,3,False,145.71363126237384,31
diceware-4-nosep,15.160829779359924,4,3,False,155.11451069865603,33
diceware-4-nosep,11.640472511838906,4,3,False,141.01319154423274,30
diceware-4-nosep,15.491413403862127,4,3,False,112.81055323538621,24
diceware-4-nosep,15.400279492554052,4,3,False,145.71363126237384,31
diceware-4-nosep,15.964528775660108,4,3,False,117.51099295352729,25
diceware-4-nosep,15.556971232528038,4,3,False,122.21143267166839,26
diceware-4-nosep,14.264607856473088,4,3,False,136.31275182609167,29
diceware-4-nosep,15.556142545141947,4,3,False,131.61231210795057,28
diceware-4-nosep,15.12196330672121,4,3,False,141.01319154423274,30
diceware-4-nosep,15.903670627465532,4,3,False,126.91187238980947,27
diceware-4-nosep,16.334547843884334,4,3,False,141.01319154423274,30
diceware-4-nosep,16.115550549206795,4,3,False,155.11451069865603,33
diceware-4-nosep,15.488484634799113,4,3,False,126.91187238980947,27
diceware-4-nosep,14.749401927226975,4,3,False,108.11011351724511,23
diceware-4-nosep,15.86951353256271,4,3,False,122.21143267166839,26
diceware-4-nosep,15.495454687910154,4,3,False,145.71363126237384,31
diceware-4-nosep,15.69558525601087,4,3,False,136.31275182609167,29
diceware-4-nosep,15.169791181455325,4,3,False,126.91187238980947,27
diceware-4-nosep,16.417287457682797,4,3,False,126.91187238980947,27
diceware-4-nosep,15.99370501553208,4,3,False,131.61231210795057,28
diceware-4-nosep,15.539932521927806,4,3,False,126.91187238980947,27
diceware-4-nosep,15.111492792084263,4,3,False,126.91187238980947,27
diceware-4-nosep,15.018280788222507,4,3,False,131.61231210795057,28
diceware-4-nosep,16.125870059887898,4,3,False,117.51099295352729,25
diceware-4-nosep,14.752892375790582,4,3,False,122.21143267166839,26
diceware-4-nosep,15.432641417611958,4,3,False,122.21143267166839,26
diceware-4-nosep,15.665672769272758,4,3,False,141.01319154423274,30
diceware-4-nosep,15.18648597452783,4,3,False,155.11451069865603,33
diceware-4-nosep,14.139890715116412,4,3,False,103.40967379910401,22
diceware-4-nosep,14.897817661148904,4,3,False,131.61231210795057,28
diceware-4-nosep,15.744219931791587,4,3,False,155.11451069865603,33
diceware-4-nosep,15.71907183450695,4,3,False,136.31275182609167,29
diceware-4-nosep,15.922784411330493,4,3,False,89.30835464468075,19
diceware-4-nosep,13.992853770843666,4,3,False,131.61231210795057,28
diceware-4-nosep,15.865682129656594,4,3,False,122.21143267166839,26
diceware-4-nosep,14.611520493378288,4,3,False,145.71363126237384,31
diceware-4-nosep,14.358724124930877,4,3,False,126.91187238980947,27
diceware-4-nosep,15.329016405194091,4,3,False,136.31275182609167,29
diceware-4-nosep,16.287327659704456,4,3,False,141.01319154423274,30
diceware-4-nosep,15.051213013371704,4,3,False,122.21143267166839,26
diceware-4-nosep,13.761952584596504,4,3,False,136.31275182609167,29
diceware-4-nosep,15.648816302856988,4,3,False,145.71363126237384,31
diceware-4-nosep,14.700969595958243,4,3,False,117.51099295352729,25
diceware-4-nosep,14.896257067107518,4,3,False,112.81055323538621,24
diceware-4-nosep,15.665382785835025,4,3,False,126.91187238980947,27
diceware-4-nosep,15.100538372769394,4,3,False,117.51099295352729,25
diceware-4-nosep,15.34949238166596,4,3,False,136.31275182609167,29
diceware-4-nosep,14.256609043630943,4,3,False,98.70923408096293,21
diceware-4-nosep,14.893522829311205,4,3,False,145.71363126237384,31
diceware-4-nosep,14.40385826195966,4,3,False,141.01319154423274,30
diceware-4-nosep,15.280242010735732,4,3,False,108.11011351724511,23
diceware-4-nosep,15.944396705022715,4,3,False,150.41407098051494,32
diceware-4-nosep,15.259453150143509,4,3,False,122.21143267166839,26
diceware-4-nosep,13.73354013423995,4,3,False,126.91187238980947,27
diceware-4-nosep,12.645427297514683,4,3,False,141.01319154423274,30
diceware-4-nosep,14.89547662155733,4,3,False,122.21143267166839,26
diceware-4-nosep,13.766517761637374,4,3,False,98.70923408096293,21
diceware-4-nosep,15.700527802586798,4,3,False,145.71363126237384,31
diceware-4-nosep,14.294519209770078,4,3,False,141.01319154423274,30
diceware-4-nosep,14.73251286457164,4,3,False,112.81055323538621,24
diceware-4-nosep,16.04608208691931,4,3,False,126.91187238980947,27
diceware-4-nosep,15.314829614378937,4,3,False,136.31275182609167,29
diceware-4-nosep,13.895896341437034,4,3,False,126.91187238980947,27
diceware-4-nosep,15.132754791888258,4,3,False,131.61231210795057,28
random-20,31.41435452408971,4,6,True,131.39711216661897,20
random-20,35.44825979580702,4,6,True,131.39711216661897,20
random-20,36.433848059252924,4,6,True,131.39711216661897,20
random-20,36.19034264957378,4,6,True,131.39711216661897,20
random-20,35.86938079499931,4,6,True,131.39711216661897,20
random-20,35.26987285613046,4,6,True,131.39711216661897,20
random-20,35.29645414340798,4,5,True,128.18781872275403,20
random-20,35.78406496579166,4,5,True,128.18781872275403,20
random-20,35.867650836539674,4,6,True,131.39711216661897,20
random-20,35.9357242209822,4,6,True,131.39711216661897,20
random-20,34.52048125141084,4,5,True,128.18781872275403,20
random-20,34.96711318398261,4,6,True,131.39711216661897,20
random-20,36.26221833319719,4,6,True,131.39711216661897,20
random-20,36.74278438254011,4,6,True,131.39711216661897,20
random-20,36.949586754904914,4,6,True,131.39711216661897,20
random-20,34.347319200328315,4,6,True,131.39711216661897,20
random-20,36.05271996567043,4,6,True,131.39711216661897,20
random-20,35.77215066333262,4,5,True,128.18781872275403,20
random-20,34.594265832538625,4,6,True,131.39711216661897,20
random-20,34.80384240344243,4,6,True,131.39711216661897,20
random-20,33.169125651363466,4,6,True,131.39711216661897,20
random-20,35.14969471018416,4,6,True,131.39711216661897,20
random-20,33.393750576097375,4,6,True,131.39711216661897,20
random-20,35.946883030075156,4,6,True,131.39711216661897,20
random-20,36.65291302389459,4,6,True,131.39711216661897,20
random-20,35.25570472657136,4,6,True,131.39711216661897,20
random-20,36.552113635921856,4,6,True,131.39711216661897,20
random-20,36.01405371291993,4,6,True,131.39711216661897,20
random-20,37.36073031707374,4,6,True,131.39711216661897,20
random-20,35.61341676780495,4,5,True,128.18781872275403,20
random-20,34.7516294178847,4,6,True,131.39711216661897,20
random-20,36.56886049483204,4,6,True,131.39711216661897,20
random-20,35.42653243956101,4,6,True,131.39711216661897,20
random-20,35.93375492302097,4,6,True,131.39711216661897,20
random-20,37.044560565999994,4,5,True,128.18781872275403,20
random-20,35.05735282156325,4,6,True,131.39711216661897,20
random-20,35.353274931243334,4,6,True,131.39711216661897,20
random-20,36.96051240661675,4,6,True,131.39711216661897,20
random-20,35.22157128467226,4,6,True,131.39711216661897,20
random-20,35.39688598304722,4,6,True,131.39711216661897,20
random-20,35.60941352363126,4,6,True,131.39711216661897,20
random-20,36.118532416700305,4,6,True,131.39711216661897,20
random-20,33.662213398248916,4,6,True,131.39711216661897,20
random-20,36.238744112089016,4,6,True,131.39711216661897,20
random-20,34.91393573603088,4,6,True,131.39711216661897,20
random-20,32.08710939889798,4,6,True,131.39711216661897,20
random-20,35.14130139714503,4,6,True,131.39711216661897,20
random-20,37.26632204959139,4,6,True,131.39711216661897,20
random-20,36.29637589080543,4,6,True,131.39711216661897,20
random-20,37.27539223456139,4,6,True,131.39711216661897,20
random-20,33.44479685463293,4,6,True,131.39711216661897,20
random-20,37.506249281563626,4,6,True,131.39711216661897,20
random-20,37.18562019108113,4,6,True,131.39711216661897,20
random-20,35.865629371494094,4,6,True,131.39711216661897,20
random-20,34.529921887260784,4,6,True,131.39711216661897,20
random-20,35.2718820723675,4,5,True,128.18781872275403,20
random-20,35.879396088465356,4,6,True,131.39711216661897,20
random-20,33.34801099832819,4,6,True,131.39711216661897,20
random-20,35.02228692643149,4,6,True,131.39711216661897,20
random-20,37.33382929523477,4,6,True,131.39711216661897,20
random-20,36.22928550901549,4,6,True,131.39711216661897,20
random-20,36.451711928270484,4,5,True,128.18781872275403,20
random-20,34.86627909515322,4,6,True,131.39711216661897,20
random-20,35.03034409578849,4,6,True,131.39711216661897,20
random-20,37.62943208669996,4,6,True,131.39711216661897,20
random-20,33.40107168661779,4,6,True,131.39711216661897,20
random-20,35.95441545873624,4,6,True,131.39711216661897,20
random-20,36.71220421984864,4,6,True,131.39711216661897,20
random-20,34.188234116140606,4,6,True,131.39711216661897,20
random-20,34.46256619539873,4,6,True,131.39711216661897,20
random-20,33.659772381698126,4,6,True,131.39711216661897,20
random-20,34.64103464107582,4,6,True,131.39711216661897,20
random-20,33.29565094666323,4,6,True,131.39711216661897,20
random-20,36.081874409112835,4,6,True,131.39711216661897,20
random-20,36.88261006752241,4,6,True,131.39711216661897,20
random-20,34.2644115522055,4,6,True,131.39711216661897,20
random-20,34.91566040431454,4,6,True,131.39711216661897,20
random-20,37.4205656107174,4,5,True,128.18781872275403,20
random-20,36.52043250530666,4,6,True,131.39711216661897,20
random-20,36.15198705596262,4,6,True,131.39711216661897,20
random-20,34.2070221673901,4,6,True,131.39711216661897,20
random-20,33.25560824653728,4,6,True,131.39711216661897,20
random-20,36.04473779004561,4,6,True,131.39711216661897,20
random-20,36.40742504802267,4,6,True,131.39711216661897,20
random-20,35.26456352355936,4,6,True,131.39711216661897,20
random-20,35.02326040623381,4,5,True,128.18781872275403,20
random-20,34.58246006984047,4,6,True,131.39711216661897,20
random-20,32.894918496197946,4,6,True,131.39711216661897,20
random-20,36.56694976701656,4,6,True,131.39711216661897,20
random-20,36.00605258513385,4,6,True,131.39711216661897,20
random-20,37.64101603500637,4,6,True,131.39711216661897,20
random-20,35.75129102961501,4,6,True,131.39711216661897,20
random-20,34.96179203443513,4,6,True,131.39711216661897,20
random-20,34.93745367599005,4,6,True,131.39711216661897,20
random-20,32.7532354362005,4,6,True,131.39711216661897,20
random-20,35.19646214595126,4,5,True,122.17048913556339,20
random-20,35.082431632438364,4,6,True,131.39711216661897,20
random-20,37.35948384482129,4,6,True,131.39711216661897,20
random-20,36.362002627949586,4,6,True,131.39711216661897,20
random-20,33.63960679026302,4,6,True,131.39711216661897,20
random-20,34.22634563813703,4,6,True,131.39711216661897,20
random-20,38.1773823784981,4,6,True,131.39711216661897,20
random-20,35.57327444757179,4,6,True,131.39711216661897,20
random-20,37.03948404232905,4,6,True,131.39711216661897,20
random-20,34.782242014913116,4,5,True,122.17048913556339,20
random-20,36.53743106470673,4,6,True,131.39711216661897,20
random-20,33.613129092897054,4,6,True,131.39711216661897,20
random-20,35.75722144536573,4,6,True,131.39711216661897,20
random-20,35.895446249067426,4,6,True,131.39711216661897,20
random-20,35.85388085672081,4,6,True,131.39711216661897,20
random-20,36.40734282618803,4,6,True,131.39711216661897,20
random-20,31.234607194893687,4,6,True,131.39711216661897,20
random-20,34.61831839246081,4,6,True,131.39711216661897,20
random-20,37.26305342039499,4,6,True,131.39711216661897,20
random-20,35.06836891649616,4,6,True,131.39711216661897,20
random-20,31.464269656027593,4,6,True,131.39711216661897,20
random-20,36.96532198967995,4,6,True,131.39711216661897,20
random-20,36.505511429774415,4,6,True,131.39711216661897,20
random-20,36.508421682669905,4,6,True,131.39711216661897,20
random-20,34.77921908773192,4,6,True,131.39711216661897,20
random-20,36.22735393021621,4,6,True,131.39711216661897,20
random-20,35.89908014670675,4,6,True,131.39711216661897,20
random-20,35.162691859924045,4,5,True,128.18781872275403,20
random-20,35.68707663125018,4,6,True,131.39711216661897,20
random-20,35.64670480315308,4,5,True,128.18781872275403,20
random-20,35.92934622494371,4,6,True,131.39711216661897,20
random-20,36.082407417793895,4,6,True,131.39711216661897,20
random-20,35.21340611061349,4,6,True,131.39711216661897,20
random-20,37.67930883862079,4,6,True,131.39711216661897,20
random-20,35.36253802738137,4,6,True,131.39711216661897,20
random-20,36.08006369929194,4,6,True,131.39711216661897,20
random-20,37.319958470477445,4,6,True,131.39711216661897,20
random-20,36.181655045960696,4,6,True,131.39711216661897,20
random-20,33.9082810075795,4,6,True,131.39711216661897,20
random-20,36.6194185223735,4,6,True,131.39711216661897,20
random-20,35.384711521378186,4,6,True,131.39711216661897,20
random-20,35.36891419954008,4,5,True,128.18781872275403,20
random-20,36.69186835240858,4,6,True,131.39711216661897,20
random-20,34.50579173654351,4,6,True,131.39711216661897,20
random-20,34.324265518945175,4,6,True,131.39711216661897,20
random-20,35.63985259707331,4,6,True,131.39711216661897,20
random-20,35.748507160159086,4,6,True,131.39711216661897,20
random-20,35.06140948946557,4,6,True,131.39711216661897,20
random-20,36.55813192035454,4,6,True,131.39711216661897,20
random-20,34.41003655549245,4,6,True,131.39711216661897,20
random-20,36.18013755713451,4,5,True,128.18781872275403,20
random-20,34.67403171654976,4,6,True,131.39711216661897,20
random-20,36.18598127916226,4,6,True,131.39711216661897,20
random-20,31.479239977059397,4,6,True,131.39711216661897,20
random-20,35.60236382692899,4,6,True,131.39711216661897,20
random-20,35.84645111807739,4,6,True,131.39711216661897,20
random-20,34.87846140064122,4,6,True,131.39711216661897,20
random-20,35.132728906475904,4,6,True,131.39711216661897,20
random-20,36.05118533420314,4,6,True,131.39711216661897,20
random-20,36.30986154268798,4,6,True,131.39711216661897,20
random-20,36.7318607154962,4,5,True,128.18781872275403,20
random-20,36.73678434696055,4,6,True,131.39711216661897,20
random-20,37.29279508597301,4,6,True,131.39711216661897,20
random-20,34.42698573281152,4,6,True,131.39711216661897,20
random-20,35.165672691839895,4,6,True,131.39711216661897,20
random-20,35.64943742641523,4,6,True,131.39711216661897,20
random-20,34.07849636440268,4,6,True,131.39711216661897,20
random-20,33.89434611915473,4,6,True,131.39711216661897,20
random-20,36.51371156960401,4,6,True,131.39711216661897,20
random-20,35.70737840500863,4,6,True,131.39711216661897,20
random-20,33.7633165015754,4,6,True,131.39711216661897,20
random-20,36.6145481553183,4,6,True,131.39711216661897,20
random-20,33.849277829977424,4,6,True,131.39711216661897,20
random-20,36.83698991862559,4,6,True,131.39711216661897,20
random-20,33.76061471848033,4,6,True,131.39711216661897,20
random-20,35.682461356532386,4,6,True,131.39711216661897,20
random-20,35.424994176545354,4,6,True,131.39711216661897,20
random-20,35.70363692933756,4,6,True,131.39711216661897,20
random-20,32.66597832238409,4,6,True,131.39711216661897,20
random-20,35.14094560183367,4,6,True,131.39711216661897,20
random-20,33.30723544351423,4,6,True,131.39711216661897,20
random-20,35.982438664081926,4,6,True,131.39711216661897,20
random-20,35.58485748185639,4,6,True,131.39711216661897,20
random-20,35.509554058104385,4,6,True,131.39711216661897,20
random-20,35.83602728681732,4,6,True,131.39711216661897,20
random-20,32.47057062149275,4,6,True,131.39711216661897,20
random-20,34.26151913126567,4,5,True,128.18781872275403,20
random-20,36.406821793774796,4,6,True,131.39711216661897,20
random-20,35.835252706995874,4,6,True,131.39711216661897,20
random-20,34.2498916574807,4,6,True,131.39711216661897,20
random-20,36.39938707416625,4,6,True,131.39711216661897,20
random-20,35.80705126078986,4,6,True,131.39711216661897,20
random-20,36.70890642094731,4,6,True,131.39711216661897,20
random-20,36.35225551211078,4,6,True,131.39711216661897,20
random-20,35.76637660693449,4,6,True,131.39711216661897,20
random-20,36.20545845364434,4,5,True,128.18781872275403,20
random-20,36.1028563397638,4,6,True,131.39711216661897,20
random-20,37.36705069656767,4,5,True,128.18781872275403,20
random-20,34.80146832218851,4,6,True,131.39711216661897,20
random-20,36.400424750645946,4,6,True,131.39711216661897,20
random-20,35.60965713034637,4,6,True,131.39711216661897,20
random-20,34.72496887240517,4,6,True,131.39711216661897,20
random-20,35.718172195293846,4,6,True,131.39711216661897,20
random-20,34.56421118981589,4,5,True,128.18781872275403,20
random-20,35.16427279383938,4,6,True,131.39711216661897,20
random-20,36.32646564954421,4,6,True,131.39711216661897,20
random-20,37.507123997899285,4,6,True,131.39711216661897,20
random-20,36.02815513963152,4,6,True,131.39711216661897,20
random-20,34.76573558089982,4,6,True,131.39711216661897,20
random-20,34.9478759468434,4,6,True,131.39711216661897,20
random-20,37.23231081785704,4,6,True,131.39711216661897,20
random-20,36.31888815186184,4,5,True,128.18781872275403,20
random-20,37.17376818116566,4,6,True,131.39711216661897,20
random-20,34.05375908459273,4,6,True,131.39711216661897,20
random-20,33.18149856115727,4,5,True,128.18781872275403,20
random-20,36.33631057808603,4,6,True,131.39711216661897,20
random-20,32.54406739998739,4,6,True,131.39711216661897,20
random-20,37.08207186396869,4,6,True,131.39711216661897,20
random-20,36.002766714528356,4,6,True,131.39711216661897,20
random-20,35.651540801627306,4,6,True,131.39711216661897,20
random-20,37.84721104898649,4,6,True,131.39711216661897,20
random-20,33.1655771350673,4,6,True,131.39711216661897,20
random-20,35.70898190908006,4,5,True,128.18781872275403,20
random-20,36.60913496066728,4,6,True,131.39711216661897,20
random-20,36.26460818839948,4,6,True,131.39711216661897,20
random-20,36.418517231616974,4,5,True,128.18781872275403,20
random-20,35.31179408625341,4,6,True,131.39711216661897,20
random-20,35.31350382218651,4,6,True,131.39711216661897,20
random-20,35.427911902637355,4,6,True,131.39711216661897,20
random-20,36.17113585275197,4,6,True,131.39711216661897,20
random-20,35.43843470504589,4,6,True,131.39711216661897,20
random-20,35.858726017875334,4,6,True,131.39711216661897,20
random-20,35.783644949981976,4,6,True,131.39711216661897,20
random-20,35.432310802087684,4,6,True,131.39711216661897,20
random-20,34.77941497803899,4,6,True,131.39711216661897,20
random-20,35.73360888551055,4,5,True,128.18781872275403,20
random-20,35.68674137058247,4,6,True,131.39711216661897,20
random-20,34.983307744032395,4,6,True,131.39711216661897,20
random-20,35.11018353936474,4,6,True,131.39711216661897,20
random-20,35.58041211624471,4,6,True,131.39711216661897,20
random-20,37.175386702878825,4,6,True,131.39711216661897,20
random-20,37.01670588217921,4,6,True,131.39711216661897,20
random-20,37.18604206655601,4,6,True,131.39711216661897,20
random-20,35.77597200005819,4,6,True,131.39711216661897,20
random-20,35.21365788846951,4,6,True,131.39711216661897,20
random-20,35.74089310800312,4,5,True,128.18781872275403,20
random-20,34.35889644854703,4,6,True,131.39711216661897,20
random-20,34.91808915520182,4,6,True,131.39711216661897,20
random-20,37.244926925090006,4,5,True,128.18781872275403,20
random-20,35.37373681986919,4,5,True,128.18781872275403,20
random-20,36.17279717508233,4,6,True,131.39711216661897,20
random-20,36.65393488286866,4,6,True,131.39711216661897,20
random-20,32.98965382331772,4,5,True,128.18781872275403,20
random-20,35.39174442478599,4,5,True,128.18781872275403,20
random-20,35.48626249492314,4,6,True,131.39711216661897,20
random-20,36.65449159553861,4,6,True,131.39711216661897,20
random-20,35.69339594271634,4,5,True,128.18781872275403,20
random-20,36.258711447265725,4,5,True,128.18781872275403,20
random-20,30.811945558195976,4,5,True,128.18781872275403,20
random-20,35.317661463083496,4,6,True,131.39711216661897,20
random-20,35.61424879472467,4,6,True,131.39711216661897,20
random-20,35.21845968922733,4,6,True,131.39711216661897,20
random-20,33.885639396619254,4,6,True,131.39711216661897,20
random-20,34.863259911597005,4,6,True,131.39711216661897,20
random-20,33.2409020378129,4,6,True,131.39711216661897,20
random-20,34.31570658186373,4,6,True,131.39711216661897,20
random-20,36.92663675160336,4,6,True,131.39711216661897,20
random-20,34.1824941858263,4,6,True,131.39711216661897,20
random-20,35.24852124453758,4,6,True,131.39711216661897,20
random-20,35.56356100933971,4,6,True,131.39711216661897,20
random-20,36.93959678082656,4,6,True,131.39711216661897,20
random-20,36.41369155723423,4,6,True,131.39711216661897,20
random-20,37.096312913915654,4,6,True,131.39711216661897,20
random-20,37.40180363305256,4,6,True,131.39711216661897,20
random-20,36.413310798503076,4,5,True,128.18781872275403,20
random-20,34.58560933451712,4,5,True,128.18781872275403,20
random-20,34.55843522812124,4,6,True,131.39711216661897,20
random-20,36.93134193849592,4,6,True,131.39711216661897,20
random-20,37.50433580094234,4,6,True,131.39711216661897,20
random-20,37.547060108636636,4,6,True,131.39711216661897,20
random-20,32.04999314896248,4,6,True,131.39711216661897,20
random-20,34.94016891017945,4,6,True,131.39711216661897,20
random-20,34.283672387826584,4,6,True,131.39711216661897,20
random-20,35.91750943474197,4,6,True,131.39711216661897,20
random-20,37.41560696901608,4,6,True,131.39711216661897,20
random-20,35.68048518604448,4,6,True,131.39711216661897,20
random-20,32.44017069544377,4,6,True,131.39711216661897,20
random-20,36.18080975709003,4,6,True,131.39711216661897,20
random-20,36.23119336818262,4,5,True,128.18781872275403,20
random-20,36.519989788008246,4,6,True,131.39711216661897,20
random-20,36.34840743075125,4,6,True,131.39711216661897,20
random-20,34.02729416916579,4,6,True,131.39711216661897,20
random-20,35.49122052934872,4,6,True,131.39711216661897,20
random-20,34.91686267907369,4,6,True,131.39711216661897,20
random-20,34.896247902478656,4,6,True,131.39711216661897,20
random-20,35.105867872040065,4,6,True,131.39711216661897,20
random-20,34.82453406304474,4,6,True,131.39711216661897,20
random-20,35.18540721008709,4,6,True,131.39711216661897,20
random-20,35.13847806834719,4,6,True,131.39711216661897,20
random-20,38.1723658706431,4,6,True,131.39711216661897,20
random-20,36.41655909171973,4,6,True,131.39711216661897,20
random-20,35.73936320669928,4,6,True,131.39711216661897,20
random-20,35.5989928065287,4,6,True,131.39711216661897,20
random-20,37.15024214433892,4,6,True,131.39711216661897,20
random-20,34.88818408245169,4,6,True,131.39711216661897,20
random-20,34.408628877913365,4,6,True,131.39711216661897,20
random-20,36.18903473911891,4,5,True,128.18781872275403,20
random-20,35.55683488404632,4,6,True,131.39711216661897,20
random-20,35.993009770466685,4,6,True,131.39711216661897,20
random-20,35.626070760374496,4,6,True,131.39711216661897,20
random-20,36.10834625535234,4,6,True,131.39711216661897,20
random-20,36.90172228972195,4,6,True,131.39711216661897,20
random-20,35.883345085154566,4,6,True,131.39711216661897,20
random-20,34.39931215998928,4,6,True,131.39711216661897,20
random-20,36.95639774084497,4,6,True,131.39711216661897,20
random-20,36.05362758752751,4,6,True,131.39711216661897,20
random-20,34.52727471158236,4,6,True,131.39711216661897,20
random-20,34.62307577460352,4,6,True,131.39711216661897,20
random-20,36.441372810883166,4,5,True,128.18781872275403,20
random-20,34.38869656931156,4,6,True,131.39711216661897,20
random-20,36.40804592539857,4,6,True,131.39711216661897,20
random-20,30.735494386917264,4,6,True,131.39711216661897,20
random-20,35.08713405976742,4,6,True,131.39711216661897,20
random-20,35.95625015073616,4,6,True,131.39711216661897,20
random-20,35.19026954113833,4,6,True,131.39711216661897,20
random-20,36.06946796113184,4,6,True,131.39711216661897,20
random-20,34.76950043492486,4,6,True,131.39711216661897,20
random-20,35.60304370308735,4,6,True,131.39711216661897,20
random-20,37.182675222710245,4,5,True,128.18781872275403,20
random-20,36.45714032373117,4,6,True,131.39711216661897,20
random-20,36.397298868527926,4,6,True,131.39711216661897,20
random-20,34.56820313205208,4,6,True,131.39711216661897,20
random-20,35.744776546366126,4,6,True,131.39711216661897,20
random-20,36.28214477171976,4,6,True,131.39711216661897,20
random-20,36.47369842537572,4,6,True,131.39711216661897,20
random-20,36.376201518741055,4,6,True,131.39711216661897,20
random-20,34.86431119929673,4,6,True,131.39711216661897,20
random-20,35.110561365592,4,6,True,131.39711216661897,20
random-20,35.49101466932891,4,6,True,131.39711216661897,20
random-20,35.39755318146873,4,5,True,128.18781872275403,20
random-20,33.53987861177561,4,5,True,128.18781872275403,20
random-20,36.732747383477474,4,6,True,131.39711216661897,20
random-20,35.063034304621674,4,6,True,131.39711216661897,20
random-20,37.08019019884879,4,6,True,131.39711216661897,20
random-20,35.5385453317876,4,6,True,131.39711216661897,20
random-20,36.50976714515961,4,6,True,131.39711216661897,20
random-20,34.4220700255896,4,6,True,131.39711216661897,20
random-20,36.04000675528375,4,6,True,131.39711216661897,20
random-20,33.471533607593976,4,6,True,131.39711216661897,20
random-20,37.34464241784586,4,6,True,131.39711216661897,20
random-20,34.59297808823873,4,6,True,131.39711216661897,20
random-20,35.53869455883102,4,6,True,131.39711216661897,20
random-20,36.6727660311967,4,6,True,131.39711216661897,20
random-20,36.04976399618906,4,6,True,131.39711216661897,20
random-20,35.42001351063867,4,5,True,128.18781872275403,20
random-20,34.735672557763216,4,6,True,131.39711216661897,20
random-20,36.51973492259443,4,6,True,131.39711216661897,20
random-20,35.02383545870204,4,6,True,131.39711216661897,20
random-20,35.31371857791422,4,6,True,131.39711216661897,20
random-20,36.08102391086148,4,6,True,131.39711216661897,20
random-20,35.049415078590016,4,6,True,131.39711216661897,20
random-20,36.55078116053232,4,6,True,131.39711216661897,20
random-20,35.91658467361932,4,5,True,128.18781872275403,20
random-20,36.66921871147039,4,6,True,131.39711216661897,20
random-20,34.186042978477275,4,6,True,131.39711216661897,20
random-20,34.84482949857208,4,6,True,131.39711216661897,20
random-20,34.43171926439413,4,6,True,131.39711216661897,20
random-20,35.71508105402883,4,6,True,131.39711216661897,20
random-20,36.62651419313934,4,6,True,131.39711216661897,20
random-20,35.24883920339726,4,6,True,131.39711216661897,20
random-20,36.71456407755719,4,6,True,131.39711216661897,20
random-20,33.93934292858178,4,5,True,128.18781872275403,20
random-20,36.349363414213215,4,6,True,131.39711216661897,20
random-20,33.03122382976313,4,6,True,131.39711216661897,20
random-20,36.91454716177885,4,6,True,131.39711216661897,20
random-20,36.36685784597025,4,6,True,131.39711216661897,20
random-20,32.30373883383116,4,6,True,131.39711216661897,20
random-20,36.999783506063835,4,6,True,131.39711216661897,20
random-20,35.77739824080007,4,5,True,128.18781872275403,20
random-20,33.883676129942245,4,6,True,131.39711216661897,20
random-20,34.7379671681508,4,6,True,131.39711216661897,20
random-20,35.47371730809853,4,6,True,131.39711216661897,20
random-20,33.31289878834536,4,6,True,131.39711216661897,20
random-20,37.313452729017136,4,6,True,131.39711216661897,20
random-20,36.233855193582684,4,6,True,131.39711216661897,20
random-20,35.64024011035977,4,6,True,131.39711216661897,20
random-20,36.3050828404837,4,6,True,131.39711216661897,20
random-20,37.8340115519553,4,6,True,131.39711216661897,20
random-20,34.9604966698862,4,6,True,131.39711216661897,20
random-20,34.116948463241705,4,6,True,131.39711216661897,20
random-20,34.43542020882132,4,6,True,131.39711216661897,20
random-20,33.94791809806707,4,6,True,131.39711216661897,20
random-20,36.33072516387475,4,5,True,128.18781872275403,20
random-20,35.933767069514694,4,6,True,131.39711216661897,20
random-20,35.58514422824855,4,6,True,131.39711216661897,20
random-20,34.72429259328519,4,6,True,131.39711216661897,20
random-20,35.62798194695069,4,6,True,131.39711216661897,20
random-20,35.24967361901135,4,6,True,131.39711216661897,20
random-20,34.19728684263419,4,6,True,131.39711216661897,20
random-20,36.862952902699476,4,6,True,131.39711216661897,20
random-20,33.60872661240358,4,6,True,131.39711216661897,20
random-20,34.63592307771551,4,6,True,131.39711216661897,20
random-20,34.68901930269948,4,5,True,128.18781872275403,20
random-20,36.89102055485613,4,6,True,131.39711216661897,20
random-20,34.38757173407027,4,6,True,131.39711216661897,20
